,,,,"Перечень объектов, подлежащих мониторингу в 2 квартале 2026 года",,,,,,,,,,,,,,,,,,,,,,
№№,Ссылка на дашборд,УИН,Код ДС,Наименование объекта,Статус,ГРБС,Заказчик,Генподрядчик,"Плановый ввод
 по директивному графику (по дашборду)",%,категория,График  ВВЕ 26-30,Строймониторинг (план),Строймониторинг (факт),Стройконтроль (план),Стройконтроль (факт),Мониторинг объектов метрополитена (план),Мониторинг объектов метрополитена (факт),Мониторинг уникальных объектов (план),Мониторинг уникальных объектов (факт),Лабораторные исследования (план),Лабораторные исследования (факт),Мониторинг СУИД (план),Мониторинг СУИД (факт),Мониторинг КСГ (план),Мониторинг КСГ (факт) 
,,,,,по состоянию на  26.03.2026,,,,,,,,526,0,192,0,0,0,0,0,225,16,509,0,509,487
1,https://dashboard-stroi.mos.ru/dashboard/8,HG6277-10-0002-001,021-0133,"Жилой дом с подземной автостоянкой, с инженерными сетями и благоустройством территории (со сносом нежилого здания по адресу: Дмитровское шоссе, д. 93, к. 3) по адресу: г. Москва, внутригородское муниципальное образование Бескудниковское, Дмитровское шоссе, земельный участок 93/3/1 (САО)",в строительстве,ДГП,"ФОНД ""РЕНОВАЦИИ""","АО ""МСУ-1"" (ГК ФСК)",30.4.2026,47,41-60,отсутствует,V,,V,,,,,,V,,V,,V,09.04.2026
2,https://dashboard-stroi.mos.ru/dashboard/10,HG9074-10-0003-001,020-0055,"«Жилой дом с инженерными сетями и благоустройством территории (со сносом многоквартирного жилого дома по адресу: ул. Полярная, д. 17, корп. 1)» по адресу: г. Москва, улица Полярная, з/у 17/1 (ул. Полярная, вл. 17, корп. 1) (Северо-Восточный административный округ)",в строительстве,ДГП,"ФОНД ""РЕНОВАЦИИ""","АО ""МСУ-1"" (ГК ФСК)",30.3.2026,75,61-80,отсутствует,V,,V,,,,,,,,V,,V,27.03.2026
3,https://dashboard-stroi.mos.ru/dashboard/21,HI4351-10-0001-001,021-0357,"«Жилой дом с приспособлением подземной автостоянки под защитное сооружение гражданской обороны – «укрытие» (ЗСГО), с инженерными сетями и благоустройством территории (со сносом жилого дома по адресу: ул. Газопровод, д 7, корп.1)по адресу: город Москва, внутригородское муниципальное образование Чертаново Южное, ул. Газопровод земельный участок 7 (Газопровод, влд. 7)» (Южный административный округ)",в строительстве,ДГП,"ФОНД ""РЕНОВАЦИИ""","ООО ""СК КРОНОС""",29.11.2025,80,61-80,отсутствует,V,,V,,,,,,,,V,,V,27.03.2026
4,https://dashboard-stroi.mos.ru/dashboard/44,TT0000-10-0812-001,023-0221,"""Жилой дом с инженерными сетями и благоустройством территории (со сносом жилых домов по адресам: город Москва, город Щербинка, ул. Чапаева, д. 4, 6) по адресу: город Москва, внутригородская территория городской округ Щербинка, город Щербинка, улица Чапаева, земельный участок 4 (Чапаева ул., вл. 4, 6) (Новомосковский административный округ)""",в строительстве,ДГП,"ФОНД ""РЕНОВАЦИИ""","ООО ""СЗ Выбор""",31.3.2026,80,61-80,отсутствует,V,,V,,,,,,,,V,,V,27.03.2026
5,https://dashboard-stroi.mos.ru/dashboard/50,TT0000-99-1164-001,020-0103,"Жилой дом с инженерными сетями и благоустройством территории (со сносом жилого дома по адресу: г. Москва, ул. Артюхиной,д.24) по адресу: г. Москва, район Текстильщики, ул. Артюхиной, з/у 24 (Артюхиной ул., вл. 24) (Юго-Восточный административный округ)",в строительстве,ДГП,"ФОНД ""РЕНОВАЦИИ""",Н/Д,28.11.2025,18,6-20,отсутствует,V,,,,,,,,V,,V,,V,27.03.2026
6,https://dashboard-stroi.mos.ru/dashboard/59,TT0000-99-7605-001,020-0071,"«Жилой дом с инженерными сетями и благоустройством территории (со сносом жилого дома по адресу: г. Москва, ул. Никитинская, д. 21, к. 3)» по адресу: город Москва, внутригородская территория муниципальный округ Измайлово, Никитинская улица, земельный участок 21/3 (Никитинская улица, земельный участок 21/1/3) (Восточный административный округ)»",в строительстве,ДГП,"ФОНД ""РЕНОВАЦИИ""","ООО ""ГП-МФС""",30.1.2026,95,81-100,отсутствует,V,,,,,,,,,,V,,V,27.03.2026
7,https://dashboard-stroi.mos.ru/dashboard/63,TT0000-99-7699-001,022-0083,"«Жилой дом с инженерными сетями и благоустройством территории (со сносом жилых домов по адресам: г. Москва, район Щукино, 1-й Волоколамский пр-д, д. 7, корп. 1, 1-й Волоколамский пр-д, д. 7, корп. 2)» по адресу: г. Москва, внутригородское муниципальное образование Щукино, 1-й Волоколамский проезд, земельный участок 7/1 (1-й Волоколамский пр-д, вл. 7, корп. 1) (Северо-Западный административный округ)",в строительстве,ДГП,"ФОНД ""РЕНОВАЦИИ""","ООО ""СК КРОНОС""",28.12.2025,63,61-80,отсутствует,V,,V,,,,,,V,,V,,V,30.03.2026
8,https://dashboard-stroi.mos.ru/dashboard/67,TT0000-99-7751-001,022-0098,"""Жилой дом с инженерными сетями и благоустройством территории по адресу: г. Москва, район Ярославский, Лосевская улица, земельный участок 3А (Лосевская улица, вблизи д. 3) (Северо-Восточный административный округ)""",в строительстве,ДГП,"ФОНД ""РЕНОВАЦИИ""","АО ""ГК ЕКС""",31.3.2026,93,81-100,отсутствует,V,,V,,,,,,,,V,,V,30.03.2026
9,https://dashboard-stroi.mos.ru/dashboard/75,TT0000-99-7789-001,021-0470,"Жилой дом с инженерными сетями и благоустройством территории по адресу: Российская Федерация, город Москва, внутригородская территория муниципальный округ Царицыно, земельный участок 27/1 (Южный административный округ)",в строительстве,ДГП,"ФОНД ""РЕНОВАЦИИ""","АО ""Москапстрой""",30.3.2026,90,81-100,отсутствует,V,,V,,,,,,,,V,,V,30.03.2026
10,https://dashboard-stroi.mos.ru/dashboard/88,TT0000-99-7830-001,020-0033,"«Жилой дом с инженерными сетями и благоустройством территории (со сносом жилых зданий по адресам: г. Зеленоград, к.925; г. Зеленоград, к.926; г. Зеленоград, к.927)» по адресу: г. Москва, район Старое Крюково, г. Зеленоград, Панфиловский проспект, з/у 927 (Зеленоград, вл.927) (Зеленоградский административный округ)",в строительстве,ДГП,"ФОНД ""РЕНОВАЦИИ""","ООО ""АЛЬТСТРОЙ""",30.6.2026,56,41-60,отсутствует,V,,V,,,,,,V,,V,,V,30.03.2026
11,https://dashboard-stroi.mos.ru/dashboard/93,TT0000-99-7852-001,020-0480,"«Жилой дом с инженерными сетями и благоустройством территории (со сносом жилых домов по адресам: ул.Паперника, д.1, ул. Паперника, д.3, ул. Паперника, д.5) по адресу: г. Москва, внутригородское муниципальное образование Рязанское, 3-я Институтская улица, земельный участок 4/1 (3-я Институтская ул., рядом с д. 4)» (Юго-Восточный административный округ)»",в строительстве,ДГП,"ФОНД ""РЕНОВАЦИИ""","ООО ""ГП-МФС""",30.5.2026,65,61-80,отсутствует,V,,V,,,,,,V,,V,,V,30.03.2026
12,https://dashboard-stroi.mos.ru/dashboard/96,TT0000-99-7860-001,020-0476,"«Жилой дом с инженерными сетями и благоустройством территории» (со сносом жилого дома по адресу: г. Москва, ул. 2-я Фрезерная, д.6) по адресу: г. Москва, район Нижегородский, улица 2-я Фрезерная, земельный участок 6 (2-я Фрезерная ул., вл. 6) (Юго-Восточный административный округ)",в строительстве,ДГП,"ФОНД ""РЕНОВАЦИИ""","ООО ""ГЕНСТРОЙТРЕСТ""",30.3.2026,93,81-100,отсутствует,V,,V,,,,,,,,V,,V,30.03.2026
13,https://dashboard-stroi.mos.ru/dashboard/97,TT0000-99-7874-001,020-0462,"Жилой дом с размещением с подземной автостоянкой с инженерными сетями и благоустройством территории (со сносом жилого здания по адресу: ул. Свободы д.69) по адресу: г.Москва,район Северное Тушино, улица Свободы,земельный участок 69 (Свободы ул.вл. 69) (Северо-Западный административный округ)",в строительстве,ДГП,"ФОНД ""РЕНОВАЦИИ""","ООО ""КРОСТ-Д""",30.04.2026,81,81-100,отсутствует,V,,V,,,,,,,,V,,V,30.03.2026
14,https://dashboard-stroi.mos.ru/dashboard/101,TT0000-99-7912-001,021-0587,"«Жилой дом с подземной автостоянкой, инженерными сетями и благоустройством территории (со сносом жилых зданий по адресам: ул. Бутлерова, д. 34, корп.1; ул. Бутлерова, д. 34, корп.2; ул. Бутлерова, д. 36, корп.1; ул. Бутлерова, д. 36, корп.2) по адресу: Российская Федерация, город Москва, внутиригородское муниципальное образование Коньково, улица Бутлерова, земельный участок 34А (Юго-Западный административный округ)»",в строительстве,ДГП,"ФОНД ""РЕНОВАЦИИ""","АО ""МФС-6""",28.02.2026,91,81-100,отсутствует,V,,V,,,,,,,,V,,V,30.03.2026
15,https://dashboard-stroi.mos.ru/dashboard/103,TT0000-99-7929-001,021-0353,"«Жилой дом с инженерными сетями и благоустройством территории (со сносом здания по адресу: Люблинская улица, вл. 121/1)» по адресу: г. Москва, внутригородское муниципальное образование Люблино, улица Люблинская, земельный участок 121/1 (Люблинская улица, вл. 121/1) (Юго-Восточный административный округ)",в строительстве,ДГП,"ФОНД ""РЕНОВАЦИИ""","ООО ""ГП-МФС""",30.05.2026,71,61-80,отсутствует,V,,V,,,,,,,,V,,V,30.03.2026
16,https://dashboard-stroi.mos.ru/dashboard/104,TT0000-99-7930-001,021-0355,"«Жилой дом, с инженерными сетями и благоустройством территории (со сносом жилых домов по адресам: Булатниковский пр-д, д. 2в, корп. 3, Булатниковский пр-д, д. 2в, корп. 4 и Булатниковский пр-д, д. 2в, корп. 5) по адресу: внутригородское муниципальное образование Бирюлёво Западное, Булатниковский пр-д, земельный участок 2В/3 (Булатниковский пр-д, вл.2В, корп.3)» (Южный административный округ)»",в строительстве,ДГП,"ФОНД ""РЕНОВАЦИИ""","ООО ""АСГ ТЕХНО СТРОЙ""",30.03.2026,91,81-100,отсутствует,V,,V,,,,,,,,V,,V,30.03.2026
17,https://dashboard-stroi.mos.ru/dashboard/121,TT0000-99-8281-001,020-0474,"Жилые дома с подземной автостоянкой, инженерными сетями и благоустройством территории по адресу: г. Москва, внутригородское муниципальное образование Кузьминки, улица Шумилова, земельный участок 26А (улица Шумилова, земельный участок 26)",в строительстве,ДГП,"ФОНД ""РЕНОВАЦИИ""","ООО ""ГП-МФС""",30.03.2026,86,81-100,отсутствует,V,,V,,,,,,,,V,,V,30.03.2026
18,https://dashboard-stroi.mos.ru/dashboard/122,IH4014-99-0001-001,020-0096,"""Жилые дома с приспособлением подземной автостоянки под укрытие - 3300 мест для обеспечения защиты населения в период чрезвычайных ситуаций, с инженерными сетями и благоустройством территории (со сносом жилых зданий по адресам: ш. Щёлковское, д.60; ш. Щёлковское, д.62/59; 11-я Парковая ул., д.57, к.4; 11-я Парковая ул., д.57, к.3; 11-я Парковая ул., д.57, к.2; 11-я Парковая ул., д.57, к.1) по адресу: город Москва, район Северное Измайлово, 11-я Парковая улица, земельный участок 57 (Восточный административный округ)""",в строительстве,ДГП,"ФОНД ""РЕНОВАЦИИ""","ООО ""РЕГИОНЖИЛСТРОЙ""",30.04.2026,75,61-80,отсутствует,V,,V,,,,,,,,V,,V,30.03.2026
19,https://dashboard-stroi.mos.ru/dashboard/162,TT0000-99-7753-001,022-0097,"""Жилой дом с инженерными сетями и благоустройством территории (со сносом зданий по адресам: г. Москва, внутригородское муниципальное образование Тимирязевское, 3-й Нижнелихоборский проезд, д. 5; д. 5, стр. 2; д. 5, стр. 3; д. 5, стр. 4; д. 5, стр. 5; д. 5. стр. 6; д. 5, стр. 7; д. 5, стр. 8; д. 5, стр. 9; д. 5, стр. 10; д. 5, стр. 12; д. 5, стр. 13)"" по адресу: г. Москва, внутригородское муниципальное образование Тимирязевское, местоположение расположено в границах ориентира, расположенного в границах участка. Почтовый адрес ориентира: г. Москва, 3-й Нижнелихоборский проезд, вл. 5, стр. 1 (Северный административный округ)",в строительстве,ДГП,"ФОНД ""РЕНОВАЦИИ""","ООО ""СПУТНИК БЕЗОПАСНОСТИ""",30.09.2026,17,6-20,отсутствует,V,,,,,,,,V,,V,,V,30.03.2026
20,https://dashboard-stroi.mos.ru/dashboard/692,TT0000-99-5008-001,024-0611,"Проектирование и строительство первой очереди КНС ""Прокшино"" с АРР и напорными трубопроводами",в строительстве,ДСТИИ,"ГКУ ""УДМС""","АО ""ГК ЕКС""",30.04.2026,100,,Апрель 2026,V,,,,,,,,,,V,,V,09.04.2026
21,https://dashboard-stroi.mos.ru/dashboard/699,TT0000-13-0310-001,024-0612,Проектирование и строительство головных объектов водоснабжения Административно-делового центра в п. Коммунарка (1 очередь). 1 Этап,в строительстве,ДСТИИ,"ГКУ ""УДМС""","ООО ""ДЕЛЬТАТЕХРЕСУРС""",30.12.2026,73,61-80,Декабрь 2026,V,,V,,,,,,V,,V,,V,09.04.2026
22,https://dashboard-stroi.mos.ru/dashboard/702,TT0000-99-8133-001,024-0682,"Строительство улично-дорожной сети для транспортного обслуживания объектов социальной инфраструктуры в д. Лапшинка, влд. 57",в строительстве,ДСТИИ,"АНО ""ДМИС""",Н/Д,30.9.2027,32,21-40,Сентябрь 2027,V,,V,,,,,,V,,V,,V,09.04.2026
23,https://dashboard-stroi.mos.ru/dashboard/710,TT0000-99-8301-001,014-2246,Транспортная развязка на пересечении МКАД с ул.Профсоюзной (2 этап),в строительстве,ДСТИИ,"ГКУ ""УДМС""","ООО ""ИФСК АРКС""",31.3.2026,100,,Март 2026,V,,,,,,,,,,V,,V,09.04.2026
24,https://dashboard-stroi.mos.ru/dashboard/717,TT0000-99-8183-003,025-0202,Транспортная развязка МКАД с Алтуфьевским шоссе. Инженерная инфраструктура,в строительстве,ДСТИИ,"ГКУ ""УДМС""","ООО ""ИФСК АРКС""",31.12.2025,99,81-100,отсутствует,V,,,,,,,,,,V,,V,09.04.2026
25,https://dashboard-stroi.mos.ru/dashboard/721,TT0000-99-8180-002,019-0437,"Строительство искусственного сооружения с улично-дорожной сетью и переустройством инженерных коммуникаций на участке от ул. Б. Филевской до Третьего транспортного кольца вдоль набережной р. Москвы. Этапы 1.1.2.2.,1.2.2.",в строительстве,ДСТИИ,"ГКУ ""УДМС""","ООО ""ТК РУСЛАН-1""",30.06.2026,100,,Июнь 2026,V,,,,,,,,,,V,,V,13.04.2026
26,https://dashboard-stroi.mos.ru/dashboard/725,TT0000-99-7681-002,021-0513,"Строительство улично-дорожной сети для застройки ""ЗИЛ-ЮГ"". Этап 1.1",в строительстве,ДСТИИ,"ГКУ ""УДМС""","АО ""МСУ-1""",30.5.2026,75,61-80,Май 2026,V,,V,,,,,,V,"01.04.2026
IRI ",V,,V,24.03.2026
27,https://dashboard-stroi.mos.ru/dashboard/727,TT0000-99-7620-001,023-0099,"Строительство мостового сооружения через старое русло р. Москва с улично-дорожной сетью в южной части территории публичного акционерного общества ""Завод имени И.А. Лихачева"" . Этапы 3.2.ОС",в строительстве,ДСТИИ,"ГКУ ""УДМС""","ООО ""Энергия ОМ""",31.3.2026,100,,отсутствует,V,,,,,,,,,,V,,V,
28,https://dashboard-stroi.mos.ru/dashboard/766,TT0000-15-0435-002,018-0273,ЮВХ-5. Строительство улично-дорожной сети с искусственными сооружениями и переустройством инженерных коммуникаций на участке от ул. Полбина до Курьяновского б-ра. Инженерные коммуникации.,в строительстве,ДСТИИ,"ГКУ ""УДМС""","АО ""МОСИНЖПРОЕКТ""",30.06.2025,96,81-100,отсутствует,V,,,,,,,,,,V,,V,09.04.2026
29,https://dashboard-stroi.mos.ru/dashboard/779,TT0000-15-0308-001,020-0491,Строительство участков улично-дорожной сети для ТПУ «Ярославская» (этап 2.1),в строительстве,ДСТИИ,"ГКУ ""УДМС""","АО ""МСУ-1""",01.05.2027,99,81-100,Май 2027,V,,,,,,,,,,V,,V,31.03.2026
30,https://dashboard-stroi.mos.ru/dashboard/786,TT0000-15-0188-002,019-0162,"ЮВХ-1.Строительство многоуровневых транспортных развязок через Казанское и Горьковское направление Московской железной дороги на участке от ш. Энтузиастов до Рязанского пр-кта. Этапы 2.1.2, 2.1.3, 2.2 и 3.2 (ЦТП, Трансф.подст)",в строительстве,ДСТИИ,"ГКУ ""УДМС""","АО ""ДИМ""",30.09.2026,99,81-100,Сентябрь 2026,V,,,,,,,,,,V,,V,09.04.2026
31,https://dashboard-stroi.mos.ru/dashboard/802,TT0000-13-0951-001,019-0126,"ЮВХ-3. Участок от ул. Грайвороновская до Шоссейной ул., включая транспортную развязку на пересечении с Волгоградским проспектом. Этапы 1, 2, 3.2.2, 3.3.2, 4",в строительстве,ДСТИИ,"ГКУ ""УДМС""","АО ""МОСИНЖПРОЕКТ""",31.3.2026,100,,Март 2026,V,,,,,,,,,,V,,V,13.04.2026
32,https://dashboard-stroi.mos.ru/dashboard/813,IH1857-13-0001-002,017-0211,"ЮВХ-1.Строительство многоуровневых транспортных развязок через Казанское и Горьковское направление Московской железной дороги на участке от ш. Энтузиастов до Рязанского пр-кта. Этапы 3.2, 3.3",в строительстве,ДСТИИ,"ГКУ ""УДМС""","АО ""ДИМ""",1.6.2026,99,81-100,Июнь 2026,V,,,,,,,,,,V,,V,09.04.2026
33,https://dashboard-stroi.mos.ru/dashboard/967,TT0000-99-2442-001,019-0434,Очистное сооружение № 1 у д. Ликова,в строительстве,ДСТИИ,"ГКУ ""УДМС""","ООО ""СТРОЙМОНТАЖ""",30.4.2026,100,,Апрель 2026,V,,,,,,,,,,V,,V,17.03.2026
34,https://dashboard-stroi.mos.ru/dashboard/968,IH1169-13-0001-001,023-0671,"Реконструкция Угрешских очистных сооружений поверхностных и близких к ним по составу производственных сточных вод (1 очередь) и строительство на высвобожденных после реконструкции площадях производства по термическому обезвреживанию коммунальных и промышленных отходов (2 очередь), 1 этап (очередь) - реконструкция Угрешских очистных сооружений поверхностных и близких к ним по составу производственных сточных вод, ул. Угрешская, д. 22",в строительстве,ДСТИИ,"ГКУ ""УДМС""","ООО ""АртСтройТехнология""",30.6.2026,94,81-100,Июнь 2026,V,,V,,,,,,,,V,,V,09.04.2026
35,https://dashboard-stroi.mos.ru/dashboard/970,II0836-13-0002-001,012-3881,"Реконструкция водоочистных сооружений, пруд- отстойник ""Орехово-Борисово"", 2 этап (0,35 куб.м/сутки), Шипиловский пр-д, влд. 24",в строительстве,ДСТИИ,"ГКУ ""УДМС""","ООО ""ПРОМТЕХГРУПП""",30.05.2026,77,61-80,Май 2026,V,,V,,,,,,V,,V,,V,09.04.2026
36,https://dashboard-stroi.mos.ru/dashboard/1101,TT0000-15-0482-001,019-0125,"ЮВХ-10. Участок от МКАД до а/д дороги «Солнцево-Бутово-Варшавское ш.»
 Этапы 3.2.1, 3.2.2, 3.3.3.2.2, 3.3.5, 3.3.2.3, 3.3.3.3, 3.3.3.4",в строительстве,ДСТИИ,"ГКУ ""УДМС""","АО ""МОСИНЖПРОЕКТ""",31.03.2026,100,,Март 2026,V,,,,,,,,,,V,,V,09.04.2026
37,https://dashboard-stroi.mos.ru/dashboard/1104,HH5950-99-0001-001,019-0641,"Инженерная и транспортная инфраструктура ММДЦ ""Москва-Сити"". 1 этап. Этап 1.1, Этап 1.2, Этап 1.4, Этап 1.5, Этап 1.6. Этап 1.7. Этап 1.1.1. , Этап 1.1.2. , Этап 1.1.3., Этап 1.2. Этап 1.4.1., Этап 1.4.2. ,Этап 1.5., Этап 1.6.1. , Этап 1.6.2. , Этап 1.3.1.,Этап 1.3.2. , Этап 1.3.3.",в строительстве,ДСТИИ,"ГКУ ""УДМС""","АО ""ГК ЕКС""",30.6.2026,93,81-100,Июнь 2026,V,,V,,,,,,,,V,,V,09.04.2026
38,https://dashboard-stroi.mos.ru/dashboard/1106,GI9097-13-0001-001,021-0729,"Реконструкция объекта незавершенного строительства (ГБУ Центр реабилитации инвалидов ""Красная Пахра""), внешних инженерных сетей и сооружений, включая газовую котельную, по адресу: г.о. Троицк",в строительстве,ДСТИИ,"ГКУ ""УДМС""","АО ""ХК ГВСУ ЦЕНТР""",31.7.2026,80,61-80,Июль 2026,V,,V,,,,,,,,V,,V,09.04.2026
39,https://dashboard-stroi.mos.ru/dashboard/1108,TT0000-15-0300-005,012-2202,"Реконструкция транспортной развязки на пересечении МКАД с Липецкой ул. со строительством необходимых для функционирования подъездных дорог. Этапы , 1.1.3.5 (ЛОС № 3), 1.1.3.6 (ЛОС № 1,2,4), 1.1.3.7 (2 НПП)",в строительстве,ДСТИИ,"ГКУ ""УДМС""","АО ""МСУ-1""",31.8.2026,71,61-80,Август 2026,V,,V,,,,,,V,,V,,V,24.03.2026
40,https://dashboard-stroi.mos.ru/dashboard/1109,II0654-99-0001-001,025-0172,Транспортная развязка на пересечении МКАД с Липецкой ул. Этапы 1.1.3.9 и 1.2 (инженерные сети),в строительстве,ДСТИИ,"ГКУ ""УДМС""","АО ""МСУ-1""",26.10.2025,67,61-80,отсутствует,V,,V,,,,,,,,V,,V,24.03.2026
41,https://dashboard-stroi.mos.ru/dashboard/1110,HH8586-99-0002-001,016-0754,"Технологическая часть ТПУ на станции метро ""Варшавская""",в строительстве,ДСТИИ,"ГКУ ""УДМС""","ООО ""Организатор""",30.09.2026,46,41-60,Сентябрь 2026,V,,V,,,,,,V,,V,,V,09.04.2026
42,https://dashboard-stroi.mos.ru/dashboard/1118,TT0000-15-0119-006,017-0614,Строительство участков улично-дорожной сети для ТПУ «Ярославская» (этап 1.5),в строительстве,ДСТИИ,"ГКУ ""УДМС""","АО ""МСУ-1""",01.05.2027,84,81-100,Май 2027,V,,V,,,,,,,,V,,V,24.03.2026
43,https://dashboard-stroi.mos.ru/dashboard/2,TT0000-99-7861-001,020-0458,"""Жилой дом с инженерными сетями и благоустройством территории (со сносом зданий по адресу: г. Москва, ул. 5-я Кожуховская, д. 35 и ул. П.Романова, д.10) по адресу: г. Москва, район Южнопортовый, земельный участок 10 (Петра Романова ул., вл. 10) (Юго-Восточный административный округ)",в строительстве,ДГП,"ФОНД ""РЕНОВАЦИИ""","ООО ""СТРОЙНИК""",30.06.2026,66,61-80,отсутствует,V,,V,,,,,,,,V,,V,18.03.2026
44,https://dashboard-stroi.mos.ru/dashboard/14,HH2159-10-0001-001,021-0539,"""Жилой дом с приспособлением подземной автостоянки под защитное сооружение гражданской обороны - ""укрытие"" (ЗCГО), с инженерными сетями и благоустройством территории (со сносом жилых домов по адресам: Молодогвардейская ул., д. 51, д. 53) по адресу: г. Москва, район Кунцево, улица Молодогвардейская, земельный участок 53 (Молодогвардейская ул., вл. 51, вл. 53) (Западный административный округ)""",в строительстве,ДГП,"ФОНД ""РЕНОВАЦИИ""","ООО ""СТРОЙНИК""",31.05.2026,72,61-80,отсутствует,V,,V,,,,,,,,V,,V,18.03.2026
45,https://dashboard-stroi.mos.ru/dashboard/48,TT0000-99-0926-001,020-0105,"""Жилой дом с инженерными сетями и благоустройством территории (со сносом здания по адресу: г. Москва, район Текстильщики, кв-л Грайвороново 90А, корп. 12)"" по адресу: г. Москва, внутригородское муниципальное образование Текстильщики, улица Грайвороновская, земельный участок 90А/12 (Юго-Восточный административный округ)",в строительстве,ДГП,"ФОНД ""РЕНОВАЦИИ""","ООО ""СТРОЙНИК""",30.04.2026,84,81-100,отсутствует,V,,V,,,,,,,,V,,V,18.03.2026
46,https://dashboard-stroi.mos.ru/dashboard/53,TT0000-99-3483-001,019-0611,"""Жилой дом с инженерными сетями и благоустройством территории"" по адресу: г. Москва, район Кузьминки, Волгоградский проспект, земельный участок 101/2 (Юго-Восточный административный округ)",в строительстве,ДГП,"ФОНД ""РЕНОВАЦИИ""","ООО ""СТРОЙНИК""",28.02.2026,98,81-100,отсутствует,V,,,,,,,,,,V,,V,18.03.2026
47,https://dashboard-stroi.mos.ru/dashboard/72,TT0000-99-7770-001,021-0505,"Жилой дом с подземной автостоянкой, инженерными сетями и благоустройством территории (со сносом ГБОУ школа №538 (ДОУ) по адресу: ул. Херсонская д. 10 корп. 1, д. 10 корп. 2) по адресу: г.Москва, внутригородское муниципальное образование Зюзино, улица Херсонская, земельный участок 10/1 (участок 1.7)",в строительстве,ДГП,"ФОНД ""РЕНОВАЦИИ""","ООО ""ГП-МФС""",30.05.2026,57,41-60,отсутствует,V,,V,,,,,,V,,V,,V,18.03.2026
48,https://dashboard-stroi.mos.ru/dashboard/79,TT0000-99-7798-001,020-0068,"«Жилой дом с приспособлением подземного гаража под укрытие 1 500 человек для обеспечения защиты населения в период чрезвычайных ситуаций, с инженерными сетями и благоустройством территории (со сносом жилого здания по адресу: ул. 3-я Прядильная, д. 14, корп. 1) по адресу: г. Москва, район Измайлово, 3-я Прядильная улица, земельный участок 14 (Восточный административный округ)»",в строительстве,ДГП,"ФОНД ""РЕНОВАЦИИ""","ООО ""ГП-МФС""",30.09.2026,9,6-20,отсутствует,V,,,,,,,,V,,V,,V,30.03.2026
49,https://dashboard-stroi.mos.ru/dashboard/137,IH2805-10-0001-001,020-0456,"Жилой дом с подземной автостоянкой, с инженерными сетями и благоустройством территории по адресу: г. Москва, внутригородское муниципальное образование Метрогородок, Открытое шоссе, земельный участок 26/3А (Открытое шоссе, земельный участок 26/3) (Восточный административный округ)",в строительстве,ДГП,"ФОНД ""РЕНОВАЦИИ""","АО ""МСУ-1"" (ГК ФСК)",29.3.2026,80,61-80,отсутствует,V,,V,,,,,,,,V,,V,30.03.2026
50,https://dashboard-stroi.mos.ru/dashboard/139,TT0000-99-7236-001,019-0065,"Жилой дом с инженерными сетями и благоустройством территории по адресу: г. Москва, поселение Вороновское, п. ЛМС, мкр. Центральный, влд. 36. (Троицкий административный округ города Москвы)",в строительстве,ДГП,"ФОНД ""РЕНОВАЦИИ""","ООО ""СЗ Выбор""",30.11.2026,0,0-5,отсутствует,V,,,,,,,,,,V,,V,30.03.2026
51,https://dashboard-stroi.mos.ru/dashboard/140,HG5964-10-0001-001,021-0534,"«Жилой дом с подземной автостоянкой, инженерными сетями и благоустройством территории» по адресу: г. Москва, район Дмитровский, Карельский бульвар, вл. 1/24 (Клязьминская ул., вл.26) (САО)»",в строительстве,ДГП,"ФОНД ""РЕНОВАЦИИ""","ООО ""СЗ Реновация""",30.06.2026,10,6-20,отсутствует,V,,,,,,,,V,,V,,V,30.03.2026
52,https://dashboard-stroi.mos.ru/dashboard/141,TT0000-99-7761-001,021-0771,"Жилой дом с подземной автостоянкой, инженерными сетями и благоустройством территории по адресу: г. Москва, внутригородское муниципальное образование Нагатино-Садовники, Нагатинская ул., вл. 1/4 (Нагатинская ул., вл. 1) (ЮАО)",в строительстве,ДГП,"ФОНД ""РЕНОВАЦИИ""","АО ""МЕЖРЕГИОНОПТТОРГ""",30.06.2026,64,61-80,отсутствует,V,,V,,,,,,V,,V,,V,30.03.2026
53,https://dashboard-stroi.mos.ru/dashboard/142,TT0000-99-3156-001,020-0032,"""Жилой дом с инженерными сетями и благоустройством территории (со сносом здания по адресу: г.Москва, район Тимирязевский, Всеволода Вишневского ул., д.11, Всеволода Вишневского ул., д.9, корп.2)"" по адресу: г. Москва, район Тимирязевский, улица Всеволода Вишневского земельный участок 11 (САО)",в строительстве,ДГП,"ФОНД ""РЕНОВАЦИИ""","ООО ""СТРОЙНИК""",30.06.2026,54,41-60,отсутствует,V,,V,,,,,,V,,V,,V,30.03.2026
54,https://dashboard-stroi.mos.ru/dashboard/144,IH2753-10-0001-001,019-0020,"«Жилой дом с инженерными сетями и благоустройством территории по адресу: г. Москва, внутригородское муниципальное образование Перово, улица Плющева, земельный участок 12 (Плющева ул., вл. 12А)» (Восточный административный округ)",в строительстве,ДГП,"ФОНД ""РЕНОВАЦИИ""","ООО ""СТРОЙНИК""",30.03.2026,0,0-5,отсутствует,V,,,,,,,,,,V,,V,30.03.2026
55,https://dashboard-stroi.mos.ru/dashboard/145,IH1052-10-0001-001,022-0383,"«Жилой дом с инженерными сетями и благоустройством (со сносом жилого дома по адресу: Шепелюгинская улица, дом 14) по адресу: г. Москва, внутригородское муниципальное образование Лефортово, улица Шепелюгинская, земельный участок 14 (ул. Шепелюгинская, вл. 14) (ЮВАО)»",в строительстве,ДГП,"ФОНД ""РЕНОВАЦИИ""","ООО ""Капитель""",29.03.2026,95,81-100,отсутствует,V,,V,,,,,,,,V,,V,30.03.2026
56,https://dashboard-stroi.mos.ru/dashboard/146,TT0000-99-7819-001,020-0052,"«Жилой дом с приспособлением подземного гаража под укрытие на 2500 мест для обеспечения защиты населения в период чрезвычайных ситуаций, с инженерными сетями и благоустройством территории (со сносом жилых домов по адресам: г. Москва, ул. Веерная, д.26, к.2 и ул. Веерная, д.28, к.2) по адресу: г. Москва, ЗАО, район Очаково-Матвеевское, Веерная улица, земельный участок 28А (ЗАО)",в строительстве,ДГП,"ФОНД ""РЕНОВАЦИИ""","ООО ""КРОСТ-Д""",30.08.2026,51,41-60,отсутствует,V,,V,,,,,,V,,V,,V,30.03.2026
57,https://dashboard-stroi.mos.ru/dashboard/147,HH3614-10-0001-001,020-0041,"«Жилой дом с инженерными сетями и благоустройством территории» по адресу: г. Москва, внутригородское муниципальное образование Щукино, Авиационная улица, земельный участок 61/1 (Авиационная ул., вл. 61, корп. 1) (Северо-Западный административный округ)",в строительстве,ДГП,"ФОНД ""РЕНОВАЦИИ""","АО ""МСУ-1"" (ГК ФСК)",30.6.2026,18,6-20,отсутствует,V,,,,,,,,V,,V,,V,30.03.2026
58,https://dashboard-stroi.mos.ru/dashboard/149,TT0000-99-7787-001,020-0026,"«Жилой дом с инженерными сетями и благоустройством территории (со сносом жилого здания по адресу: Смольная ул., д. 23, корп. 1) по адресу: г. Москва, внутригородское муниципальное образование Головинское, улица Смольная, земельный участок 23 (ул. Смольная, 23)» II Этап строительства: «Жилой дом с инженерными сетями и благоустройством территории по адресу: г. Москва, внутригородское муниципальное образование Головинское, улица Смольная, земельный участок 23 (ул. Смольная, 23) (Северный административный округ)»",в строительстве,ДГП,"ФОНД ""РЕНОВАЦИИ""","ООО ""КРОСТ-Д""",29.11.2026,7,6-20,отсутствует,V,,,,,,,,V,,V,,V,30.03.2026
59,https://dashboard-stroi.mos.ru/dashboard/150,TT0000-99-7994-001,021-0366,"""Жилой дом с приспособлением подземной автостоянки под защитное сооружение гражданской обороны - ""укрытие"" (ЗСГО) с инженерными сетями и благоустройством территории по адресу: район Котловка Кржижановского ул., вл. 31 микрорайонов 67,68, кварталов 103,104,105,106 за границами ППТ (Юго-Западный административный округ)""",в строительстве,ДГП,"ФОНД ""РЕНОВАЦИИ""","ООО ""БИЗНЕСМОНОЛИТ""",30.12.2026,20,6-20,отсутствует,V,,,,,,,,V,,V,,V,30.03.2026
60,https://dashboard-stroi.mos.ru/dashboard/151,TT0000-99-7877-001,020-0461,"Жилой дом с подземной автостоянкой с инженерными сетями и благоустройством территории по адресу: район Северное Тушино, мкр. 4, б-р Яна Райниса, вл.2, к 2,3. (Северо-Западный административный округ)»",в строительстве,ДГП,"ФОНД ""РЕНОВАЦИИ""","ООО ""КРОСТ-Д""",30.07.2026,55,41-60,отсутствует,V,,V,,,,,,V,,V,,V,30.03.2026
61,https://dashboard-stroi.mos.ru/dashboard/152,TT0000-10-0717-001,022-0373,"""Жилой дом с инженерными сетями и благоустройством территории (со сносом здания по адресу: ул. Корнейчука, д. 47А)"", расположенного по адресу: г. Москва, внутригородское муниципальное образование Бибирево, земельный участок 47А/1 (ул. Корнейчука, вл.47А) (Северо-Восточный административный округ)",в строительстве,ДГП,"ФОНД ""РЕНОВАЦИИ""","ООО ""СР ДЕВЕЛОПМЕНТ""",30.08.2026,58,41-60,отсутствует,V,,V,,,,,,V,,V,,V,30.03.2026
62,https://dashboard-stroi.mos.ru/dashboard/153,IH1052-10-0003-001,023-0254,"«Жилой дом с инженерными сетями и благоустройством территории (со сносом жилого дома по адресу: Шепеюгинский пер., д. 7)» по адресу внутригородское муниципальное образование Лефортово, Шепелюгинский переулок, земельный участок 7 (Шепелюгинский пер., вл. 7) (Юго-Восточный административный округ)",в строительстве,ДГП,"ФОНД ""РЕНОВАЦИИ""","ООО ""СЗ КАПИТЕЛЬ""",29.9.2026,20,6-20,отсутствует,V,,,,,,,,V,,V,,V,30.03.2026
63,https://dashboard-stroi.mos.ru/dashboard/154,HH4926-10-0001-001,023-0217,"Приобретение жилых помещений, создаваемых в многоквартирных домах, предназначенных для переселения граждан при реализации Программы реновации жилищного фонда в городе Москве, по адресу: г. Москва, район Щукино, ул. Маршала Бирюзова, вл. 1, корпус 1",в строительстве,ДГП,"ФОНД ""РЕНОВАЦИИ""","ООО ""СЗ ЛБМ ИНЖИНИРИНГ""",30.10.2026,39,21-40,отсутствует,V,,V,,,,,,V,,V,,V,30.03.2026
64,https://dashboard-stroi.mos.ru/dashboard/155,TT0000-10-0889-001,023-0602,"«Жилой дом с подземной автостоянкой, инженерными сетями и благоустройством территории (со сносом жилых зданий по адресам: Перекопская ул., д. 4, д. 6, д.8) по адресу: г. Москва, внутригородское муниципальное образование Зюзино, улица Перекопская, земельный участок 4 (Юго-Западный административный округ)».",в строительстве,ДГП,"ФОНД ""РЕНОВАЦИИ""","ООО ""ГП-МФС""",30.9.2026,17,6-20,отсутствует,V,,,,,,,,V,,V,,V,20.03.2026
65,https://dashboard-stroi.mos.ru/dashboard/156,IH0376-10-0001-001,023-0277,"«Жилой дом с инженерными сетями и благоустройством территории (со сносом жилых домов по адресам: 7-я Кожуховская улица, дом 8, корпус 1, 7-я Кожуховская улица, дом 8, корпус 2)» по адресу: г. Москва, внутригородское муниципальное образование Южнопортовое, 7-я Кожуховская улица, земельный участок 8 (7-я Кожуховская ул. вл. 8) (Юго-Восточный административный округ)",в строительстве,ДГП,"ФОНД ""РЕНОВАЦИИ""","ООО ""Капитель""",29.12.2026,4,0-5,отсутствует,V,,,,,,,,V,"02.04.2026
Бетон",V,,V,30.03.2026
66,https://dashboard-stroi.mos.ru/dashboard/157,TT0000-99-5781-001,020-0015,"«Жилой дом с инженерными сетями и благоустройством территории (со сносом здания по адресу: г. Москва, район Нагатинский затон, ул. Судостроительная, д. 5) по адресу: г. Москва, район Нагатинский затон, ул. Судостроительная, влд. 5» (Южный административный округ)",в строительстве,ДГП,"ФОНД ""РЕНОВАЦИИ""","АО ""МСУ-1"" (ГК ФСК)",30.03.2026,69,61-80,отсутствует,V,,V,,,,,,,,V,,V,30.03.2026
67,https://dashboard-stroi.mos.ru/dashboard/158,TT0000-99-0779-001,019-0087,"Жилой дом с инженерными сетями и благоустройством территории по адресу: г. Москва, внутригородское муниципальное образование Хорошёво-Мнёвники, Новохорошевский пр-д, влд. 6/1» (Северо-Западный административный округ)",в строительстве,ДГП,"ФОНД ""РЕНОВАЦИИ""","ООО ""КРОСТ-Д""",30.9.2026,25,21-40,отсутствует,V,,V,,,,,,V,,V,,V,30.03.2026
68,https://dashboard-stroi.mos.ru/dashboard/159,HG7094-10-0001-001,023-0594,"«Жилой дом с приспособлением подземной автостоянки под защитное сооружение гражданской обороны – «укрытие» с инженерными сетями и благоустройством территории (со сносом жилых зданий по адресам: Линейный проезд, д. 1, Линейный проезд, д. 3) по адресу: г. Москва, внутригородское муниципальное образование Тимирязевское, Линейный проезд, земельный участок 1 (Северный административный округ)»",в строительстве,ДГП,"ФОНД ""РЕНОВАЦИИ""","АО ""МСУ-1""",29.10.2026,3,0-5,отсутствует,V,,,,,,,,V,,V,,V,30.03.2026
69,https://dashboard-stroi.mos.ru/dashboard/160,TT0000-10-0806-001,023-0235,"Приобретение будущих объектов недвижимости, создаваемых в многоквартирном доме в целях реализации Программы реновации жилищного фонда в городе Москве по адресу: г. Москва, внутригородское муниципальное образование Измайлово, Никитинская улица, земельный участок 15/1 (Никитинская ул., вл. 15, корп. 1) (Восточный административный округ)",в строительстве,ДГП,"ФОНД ""РЕНОВАЦИИ""","ООО ""СЗ ВБ-Строй"" (ГК ФСК)",29.11.2026,0,0-5,отсутствует,V,,,,,,,,,,V,,V,30.03.2026
70,https://dashboard-stroi.mos.ru/dashboard/161,IH1143-10-0001-001,024-0776,"«Жилой дом с инженерными сетями и благоустройством территории (со сносом жилого дома по адресу: г. Москва, Авиамоторная улица, дом 5)» по адресу: г. Москва, внутригородское муниципальное образование Лефортово, улица Авиамоторная, земельный участок 5 (ул. Авиамоторная, вл. 5) (Юго-Восточный округ административный округ)",в строительстве,ДГП,"ФОНД ""РЕНОВАЦИИ""","АО ""МСУ-1"" (ГК ФСК)",29.10.2026,1,0-5,отсутствует,V,,,,,,,,,,V,,V,30.03.2026
71,https://dashboard-stroi.mos.ru/dashboard/163,TT0000-99-7941-002,021-0361,"«Жилой дом с приспособлением подземной автостоянки под защитное сооружение гражданской обороны – «укрытие» (ЗСГО), с инженерными сетями и благоустройством территории (со сносом жилого дома по адресу: Кутузовский пр-т, д. 78) по адресу: г. Москва, район Фили-Давыдково, Кутузовский проспект, земельный участок 78. (Западный административный округ)»",в строительстве,ДГП,"ФОНД ""РЕНОВАЦИИ""","АО ""МСУ-1"" (ГК ФСК)",30.6.2026,10,6-20,отсутствует,V,,,,,,,,,,V,,V,30.03.2026
72,https://dashboard-stroi.mos.ru/dashboard/164,TT0000-99-8287-001,022-0396,"«Жилые дома с инженерными сетями и благоустройством территории (со сносом жилых домов по адресам: г. Москва, район Преображенское, ул. Суворовская, д. 2/1, корп. 4; ул. Суворовская, д. 2/1, корп. 3)» по адресу: г. Москва, внутригородское муниципальное образование Преображенское, Суворовская улица, земельный участок 2А/1 (ул. Суворовская, вл. 2/1, корп. 3,4)» (Восточный административный округ)",в строительстве,ДГП,"ФОНД ""РЕНОВАЦИИ""","ООО ""БРАТКОМ-ГРУПП""",31.10.2026,22,21-40,отсутствует,V,,,,,,,,V,,V,,V,30.03.2026
73,https://dashboard-stroi.mos.ru/dashboard/165,TT0000-99-7980-001,021-0372,"""Многоквартирный дом с приспособлением подземной автостоянки под защитное сооружение гражданской обороны - ""укрытие"" (ЗСГО) с размещением на кровле электросирены региональной системы оповещения, с инженерными сетями и благоустройством территории (со сносом жилых зданий по адресам: Профсоюзная улица, дом 60, корпус 1; Профсоюзная улица, дом 60, корпус 2) по адресу: г. Москва, внутригородское муниципальное образование Обручевское, улица Профсоюзная, земельный участок 60 (участок 3.2)",в строительстве,ДГП,"ФОНД ""РЕНОВАЦИИ""","ООО ""ФЛЭТ И КО""",30.6.2026,43,41-60,отсутствует,V,,V,,,,,,V,,V,,V,30.03.2026
74,https://dashboard-stroi.mos.ru/dashboard/166,HI9744-10-0002-001,023-0487,"«Жилой дом с инженерными сетями и благоустройством территории (со сносом жилого здания по адресу: Касимовская ул., д. 31, корп. 2)» по адресу: г. Москва, внуттригородское муниципальное образование Бирюлево Восточное, улица Касимовская, земельный участок 31/2 (Касимовская ул., вл. 31, корп. 2) (ЮАО)",в строительстве,ДГП,"ФОНД ""РЕНОВАЦИИ""","ООО ""СЗ ПТС-1""",30.11.2026,1,0-5,отсутствует,V,,,,,,,,,,V,,V,30.03.2026
75,https://dashboard-stroi.mos.ru/dashboard/167,TT0000-99-7817-001,021-0486,"«Жилой дом с приспособлением подземной автостоянки под защитные сооружения гражданской обороны – «укрытие» (ЗСГО), инженерными сетями и благоустройством территории (со сносом жилых зданий по адресам: ул. Введенского, д. 9; ул. Введенского, д. 11, корп. 1; ул. Введенского, д. 11, корп. 2; ул. Введенского, д. 11, корп. 3) по адресу: г. Москва, внутригородское муниципальное образование - муниципальный округ Коньково в городе Москве, улица Введенского, земельный участок 9 (Введенского ул., вл. 9) (Юго-Западный административный округ)»",в строительстве,ДГП,"ФОНД ""РЕНОВАЦИИ""","АО ""МФС-6""",30.05.2026,46,41-60,отсутствует,V,,V,,,,,,V,,V,,V,30.03.2026
76,https://dashboard-stroi.mos.ru/dashboard/168,IH4476-10-0001-001,022-0311,"Жилой дом с инженерными сетями и благоустройством территории (со сносом жилого дома по адресу: Ташкентская улица, дом 14, корпус 5) по адресу: г. Москва, внутригородское муниципальное образование Выхино-Жулебино, улица Ташкентская, земельный участок 14/5 (участок 3.3 и 3.4)",в строительстве,ДГП,"ФОНД ""РЕНОВАЦИИ""","АО ""МЕЖРЕГИОНОПТТОРГ""",30.06.2026,49,41-60,отсутствует,V,,V,,,,,,V,,V,,V,30.03.2026
77,https://dashboard-stroi.mos.ru/dashboard/169,TT0000-99-2763-001,019-0078,"Участие в долевом строительстве многоквартирного дома в целях реализации Программы реновации жилищного фонда в городе Москве по адресу: г. Москва, внутригородское муниципальное образование Зюзино, ул. Одесская, земельный участок 4 (ул. Одесская, вл. 4, стр. 1-7) (Зона 1.1) (Юго-Западный административный округ)",в строительстве,ДГП,"ФОНД ""РЕНОВАЦИИ""","ООО ""СПЕЦИАЛИЗИРОВАННЫЙ ЗАСТРОЙЩИК УЛИЦА ОДЕССКАЯ""",30.08.2026,50,41-60,отсутствует,V,,V,,,,,,V,,V,,V,30.03.2026
78,https://dashboard-stroi.mos.ru/dashboard/170,HI7008-10-0002-001,021-0504,"Жилой дом с подземной автостоянкой, инженерными сетями и благоустройством территории (со сносом многоквартирных жилых домов по адресам: ул. Херсонская, д.14, д.16) по адресу: г. Москва, внутригородское муниципальное образование Зюзино, улица Херсонская, земельный участок16 (участок 1.3)",в строительстве,ДГП,"ФОНД ""РЕНОВАЦИИ""","ООО ""ГП-МФС""",30.09.2026,44,41-60,отсутствует,V,,V,,,,,,V,,V,,V,30.03.2026
79,https://dashboard-stroi.mos.ru/dashboard/171,TT0000-99-8030-001,021-0650,"Жилой дом с подземной автостоянкой, инженерными сетями и благоустройством территории по адресу: г. Москва, внутригородское муниципальное образование Зюзино, улица Херсонская,земельный участок 14 (участок 1.4)",в строительстве,ДГП,"ФОНД ""РЕНОВАЦИИ""","ООО ""ГП-МФС""",30.09.2026,29,21-40,отсутствует,V,,V,,,,,,V,,V,,V,30.03.2026
80,https://dashboard-stroi.mos.ru/dashboard/172,TT0000-99-7854-001,020-0479,"«Жилой дом с инженерными сетями и благоустройством территории (со сносом зданий по адресу: г. Москва, ул. Зарайская, д. 46, к. 1; ул. Зарайская, д. 46, к. 2; ул. Шатурская, д. 39)» по адресу: г. Москва, внутригородское муниципальное образование Рязанское, улица Зарайская, земельный участок 46/1 (Зарайская ул., вл. 46, корп. 1 и 2, Шатурская ул., вл. 39) (Юго-Восточный административный округ)",в строительстве,ДГП,"ФОНД ""РЕНОВАЦИИ""","ООО ""ГП-МФС""",30.09.2026,41,41-60,отсутствует,V,,V,,,,,,V,,V,,V,30.03.2026
81,https://dashboard-stroi.mos.ru/dashboard/173,TT0000-99-7858-001,020-0457,"«Жилой дом с инженерными сетями и благоустройством территории с подземным гаражом с возможностью приспособления под ЗСГО - «укрытие» (со сносом жилых зданий по адресам: ул. Плеханова, д.24, к.3, ул. Плеханова, д.24, к.4) по адресу: г. Москва, внутригородское муниципальное образование Перово, улица Плеханова, земельный участок 24А (Плеханова ул., вл. 24А)» (Восточный административный округ)",в строительстве,ДГП,"ФОНД ""РЕНОВАЦИИ""","ООО ""ГП-МФС""",30.6.2026,39,21-40,отсутствует,V,,V,,,,,,V,,V,,V,30.03.2026
82,https://dashboard-stroi.mos.ru/dashboard/174,TT0000-99-7972-001,021-0388,"Жилой дом с подземной автостоянкой, инженерными сетями и благоустройством территории (со сносом жилых и нежилых зданий, по адресам:15-я Парковая ул., д.42, к.7, 15-я Парковая ул., д.42, к.8, 15-я Парковая ул, д.42, к.8, стр.1) по адресу: г. Москва, внутригородское муниципальное образование Северное Измайлово, 15-я Парковая улица, земельный участок 42 (15-я Парковая ул., вл.42) (зона 10.4(к.17))",в строительстве,ДГП,"ФОНД ""РЕНОВАЦИИ""","ООО ""ГП-МФС""",30.10.2026,25,21-40,отсутствует,V,,V,,,,,,V,,V,,V,30.03.2026
83,https://dashboard-stroi.mos.ru/dashboard/175,IH2721-10-0002-001,020-0471,"«Жилой дом с приспособлением подземной автостоянки под защитное сооружение гражданской обороны - ""укрытие"" (ЗСГО) с инженерными сетями и благоустройством территории по адресу: г. Москва, внутригородское муниципальное образование Измайлово, бульвар Сиреневый, земельный участок 4/4 (Сиреневый б-р, вл. 4, з/у 4)(Восточный административный округ)",в строительстве,ДГП,"ФОНД ""РЕНОВАЦИИ""","ООО ""ГП-МФС""",29.09.2026,53,41-60,отсутствует,V,,V,,,,,,V,,V,,V,30.03.2026
84,https://dashboard-stroi.mos.ru/dashboard/176,IH4477-10-0001-001,022-0310,"Жилой дом с приспособлением подземного гаража под защитное сооружение гражданской обороны - ""укрытие"" (ЗСГО) с инженерными сетями и благоустройством территории (со сносом жилых домов по адресам: Ташкентская улица, дом 14, корпус 3; Ташкентская улица, дом 14, корпус 4) по адресу: Российская Федерация, город Москва, внутригородская территория муниципальный округ Выхино-Жулебино, улица Ташкентская, земельный участок 14А (ЮВАО города Москвы)",в строительстве,ДГП,"ФОНД ""РЕНОВАЦИИ""","АО ""МЕЖРЕГИОНОПТТОРГ""",30.06.2026,36,21-40,отсутствует,V,,V,,,,,,V,,V,,V,30.03.2026
85,https://dashboard-stroi.mos.ru/dashboard/177,TT0000-99-7888-001,021-0497,"«Жилые дома с приспособлением подземной автостоянки под защитное сооружение гражданской обороны – «укрытие» (ЗСГО) с инженерными сетями и благоустройством территории (со сносом зданий по адресам: ул. Амурская, д. 1, с. 23; ул. Амурская, д. 1 с.14; д.1, с. 6; д. 1, с. 7) по адресу: г. Москва, внутригородское муниципальное образование Гольяново, улица Амурская, земельный участок 1/11 (зоны 3.1, 3.2)» (Восточный административный округ)»",в строительстве,ДГП,"ФОНД ""РЕНОВАЦИИ""","ООО ""ГП-МФС""",30.6.2026,58,41-60,отсутствует,V,,V,,,,,,,,V,,V,30.03.2026
86,https://dashboard-stroi.mos.ru/dashboard/181,IH3919-10-0002-001,024-0748,"«Жилой дом с инженерными сетями и благоустройством территории» по адресу: г. Москва, внутригородское муниципальное образование Измайлово, 9-я Парковая улица, земельный участок 52/1 (9-я Парковая ул., вл. 52, корп. 1) (Восточный административный округ)",в строительстве,ДГП,"ФОНД ""РЕНОВАЦИИ""","ООО ""ГП-МФС""",30.11.2026,0,0-5,отсутствует,V,,,,,,,,,,V,,V,30.03.2026
87,https://dashboard-stroi.mos.ru/dashboard/183,TT0000-99-7796-001,020-0065,"«Жилой дом с приспособлением подземного гаража под укрытие 2 500 человек для обеспечения защиты населения в период чрезвычайных ситуаций, с инженерными сетями и благоустройством территории (со сносом жилых зданий по адресам: ул. 7-я Парковая д. 21, д. 21А) по адресу: г. Москва, внутригородское муниципальное образование Измайлово, 7-я Парковая улица, земельный участок 19А (7-я Парковая улица, земельный участок 19 (Восточный административный округ)»",в строительстве,ДГП,"ФОНД ""РЕНОВАЦИИ""","ООО ""ГП-МФС""",30.11.2026,3,0-5,отсутствует,V,,,,,,,,V,,V,,V,30.03.2026
88,https://dashboard-stroi.mos.ru/dashboard/184,IH6109-10-0001-001,024-0753,"«Жилой дом с инженерными сетями и благоустройством территории» по адресу: г. Москва, внутригородское муниципальное образование Восточное, 9 Мая ул., вл. 18-24 (Восточный административный округ)",в строительстве,ДГП,"ФОНД ""РЕНОВАЦИИ""","ООО ""ГП-МФС""",30.12.2026,0,0-5,отсутствует,V,,,,,,,,,,V,,V,30.03.2026
89,https://dashboard-stroi.mos.ru/dashboard/185,HI7412-10-0001-001,023-1094,"Приобретение будущих объектов недвижимости, создаваемых в многоквартирном доме в целях реализации Программы реновации жилищного фонда в городе Москве по адресу: г. Москва, внутригородское муниципальное образование Зюзино, проспект Балаклавский, земельный участок 34А/1 (Балаклавский пр-т, вл. 34А) (Юго-Западный административный округ)",в строительстве,ДГП,"ФОНД ""РЕНОВАЦИИ""","ООО ""СПЕЦИАЛИЗИРОВАННЫЙ ЗАСТРОЙЩИК УЛИЦА ОДЕССКАЯ""",30.12.2026,3,0-5,отсутствует,V,,,,,,,,V,,V,,V,19.03.2026
90,https://dashboard-stroi.mos.ru/dashboard/186,TT0000-10-0784-001,022-0725,"Жилой дом с инженерными сетями, подземной автостоянкой и благоустройством территории (со сносом жилых зданий по адресам: 16-я Парковая, д. 29 корпуса 1, 2) по адресу: Российская Федерация, г. Москва, муниципальное образование - муниципальный округ Восточное Измайлово в городе Москве, 16-я Парковая улица, земельный участок 29А (Восточный административный округ)",в строительстве,ДГП,"ФОНД ""РЕНОВАЦИИ""","ООО ""ГП-МФС""",29.09.2026,0,0-5,отсутствует,V,,,,,,,,,,V,,V,30.03.2026
91,https://dashboard-stroi.mos.ru/dashboard/188,TT0000-99-7925-001,021-0443,"«Жилой дом с приспособлением подземной автостоянки под защитное сооружение гражданской обороны - ""укрытие"" (ЗСГО), с инженерными сетями и благоустройством территории (со сносом жилого дома по адресу: улица Парковая 3-я, д. 39, корп. 3) по адресу: г. Москва, внутригородское муниципальное образование - муниципальный округ Измайлово в городе Москве, 3-я Парковая улица, вл. 39 (Восточный административный округ)»",в строительстве,ДГП,"ФОНД ""РЕНОВАЦИИ""","ООО ""ГП-МФС""",29.09.2026,0,0-5,отсутствует,V,,,,,,,,,,V,,V,30.03.2026
92,https://dashboard-stroi.mos.ru/dashboard/189,HJ2347-10-0002-001,023-0492,"""Жилой дом с инженерными сетями и благоустройством территории по адресу: город Москва, поселение Щаповское, поселок Щапово, земельный участок 60 (пос. Щапово, вблизи д 57 и 59) (Троицкий административный округ)""",в строительстве,ДГП,"ФОНД ""РЕНОВАЦИИ""","ООО ""СЗ Выбор""",30.09.2026,5,0-5,отсутствует,V,,,,,,,,V,,V,,V,30.03.2026
93,https://dashboard-stroi.mos.ru/dashboard/191,IH2393-10-0001-001,022-0411,"Жилой дом с приспособлением подземной автостоянки под защитное сооружение гражданской обороны – «укрытие» (ЗСГО) с инженерными сетями и благоустройством территории (со сносом жилых зданий по адресам: проспект Сорок Лет Октября, д.16, к.1, проспект Сорок Лет Октября, д.18/13) по адресу: г. Москва, внутригородское муниципальное образование Люблино, проспект 40 лет Октября, земельный участок 18/13 (участки 7.1 и 7.2) (Юго-Восточный административный округ)",в строительстве,ДГП,"ФОНД ""РЕНОВАЦИИ""","ООО ""ГП-МФС""",30.08.2026,11,6-20,отсутствует,V,,,,,,,,V,,V,,V,30.03.2026
94,https://dashboard-stroi.mos.ru/dashboard/193,IH3479-10-0001-001,022-0468,"Жилой дом с инженерными сетями и благоустройством территории (со сносом жилого дома по адресу: ул. Юных Ленинцев, д. 103, корп.3) по адресу: г. Москва, внутригородское муниципальное образование Кузьминки, улица Юных Ленинцев, земельный участок 103 (участок 12.4) (Юго-Восточный административный округ города Москвы)",в строительстве,ДГП,"ФОНД ""РЕНОВАЦИИ""","ООО ""ГП-МФС""",30.06.2026,63,61-80,отсутствует,V,,V,,,,,,,,V,,V,30.03.2026
95,https://dashboard-stroi.mos.ru/dashboard/194,IH3580-10-0001-001,022-0469,"«Жилой дом с инженерными сетями и благоустройством территории (со сносом жилого дома по адресу: ул. Юных Ленинцев, д. 113, корп.4) по адресу: «г. Москва, внутригородское муниципальное образование Кузьминки, улица Юных Ленинцев, земельный участок 113/12/8 (Юго-Восточный административный округ города Москвы)».",в строительстве,ДГП,"ФОНД ""РЕНОВАЦИИ""","ООО ""ГП-МФС""",30.05.2026,79,61-80,отсутствует,V,,V,,,,,,,,V,,V,30.03.2026
96,https://dashboard-stroi.mos.ru/dashboard/195,IH3580-10-0002-001,022-0467,"Жилой дом с инженерными сетями и благоустройством территории (со сносом жилого дома по адресу: ул. Юных Ленинцев, д. 113, корп.5) по адресу: г. Москва, внутригородское муниципальное образование Кузьминки, улица Юных Ленинцев, земельный участок 113 (зоны 12.9, 12.12) (Юго-Восточный административный округ города Москвы)",в строительстве,ДГП,"ФОНД ""РЕНОВАЦИИ""","ООО ""ГП-МФС""",30.5.2026,69,61-80,отсутствует,V,,V,,,,,,,,V,,V,30.03.2026
97,https://dashboard-stroi.mos.ru/dashboard/196,TT0000-10-0817-001,023-0184,"Жилые дома с приспособлением подземного гаража под защитное сооружение гражданской обороны – «укрытие» (ЗСГО) с инженерными сетями и благоустройством территории (со сносом жилых зданий по адресам: проезд Стратонавтов, д. 17, Волоколамское шоссе, д. 104, Волоколамское шоссе, д. 106 со сносом кирпичных гаражей по адресам: Волоколамское ш., д. 108, с.4; Волоколамское ш., д.108, с.3) по адресу: г. Москва, внутригородское муниципальное образование Покровское - Стрешнево, шоссе Волоколамское, земельный участок 106 (Северо-Западный административный округ)",в строительстве,ДГП,"ФОНД ""РЕНОВАЦИИ""","АО ""МЕЖРЕГИОНОПТТОРГ""",30.11.2026,18,6-20,отсутствует,V,,,,,,,,V,,V,,V,30.03.2026
98,https://dashboard-stroi.mos.ru/dashboard/199,IH3020-10-0001-001,023-1074,"Приобретение будущих объектов недвижимости, создаваемых в многоквартирном доме в целях реализации Программы реновации жилищного фонда в городе Москве по адресу: г. Москва, внутригородское муниципальное образование Измайлово, 3-я Прядильная улица, земельный участок 1А (3-я Прядильная ул., вл. 1) (Восточный административный округ)",в строительстве,ДГП,"ФОНД ""РЕНОВАЦИИ""","ООО ""СЗ ИЗМАЙЛОВО""",30.12.2026,1,0-5,отсутствует,V,,,,,,,,,,V,,V,30.03.2026
99,https://dashboard-stroi.mos.ru/dashboard/201,IH3578-10-0001-001,023-0684,"«Жилой дом с инженерными сетями и благоустройством территории (со сносом жилых домов по адресам: Волгоградский пр-т, д. 138, корп.1, Волгоградский пр-т, д. 140, корп.1) по адресу: г. Москва, внутригородское муниципальное образование Кузьминки, Волгоградский проспект, земельный участок 138/14/4 (Юго-Восточный административный округ города Москвы)",в строительстве,ДГП,"ФОНД ""РЕНОВАЦИИ""","ООО ""ГП-МФС""",30.7.2026,33,21-40,отсутствует,V,,V,,,,,,V,,V,,V,30.03.2026
100,https://dashboard-stroi.mos.ru/dashboard/202,TT0000-99-7951-001,021-0471,"Жилой дом с подземной автостоянкой, инженерными сетями и благоустройством территории (со сносом многоквартирных жилых домов по адресам: ул. Керченская, д.28, д.30) по адресу: г. Москва, внутригородское муниципальное образование Зюзино, Керченская улица, земельный участок 28 (участок 12.3), Юго-Западный административный округ",в строительстве,ДГП,"ФОНД ""РЕНОВАЦИИ""","ООО ""ГП-МФС""",30.11.2026,5,0-5,отсутствует,V,,,,,,,,V,,V,,V,19.03.2026
101,https://dashboard-stroi.mos.ru/dashboard/203,HI7802-10-0002-001,023-0600,"Жилой дом с подземным одноуровневым гаражом с инженерными сетями и благоустройством территории» (со сносом жилых зданий по адресам: Нахимовский пр-кт, д.17, корп.2) по адресу: г. Москва, внутригородское муниципальное образование Зюзино, проспект Нахимовский, земельный участок 17/2 (ЮЗАО)».",в строительстве,ДГП,"ФОНД ""РЕНОВАЦИИ""","ООО ""ГП-МФС""",30.11.2026,6,6-20,отсутствует,V,,,,,,,,V,,V,,V,19.03.2026
102,https://dashboard-stroi.mos.ru/dashboard/204,HI7802-10-0003-001,023-0601,"«Жилой дом с подземным одноуровневым гаражом с инженерными сетями и благоустройством территории» (со сносом жилых зданий по адресам: ул. Одесская, д 3, ул. Одесская, д. 5 и кирпичного гаража по адресу : ул. Сивашская, вл. 6, корп. 1, стр. 1) по адресу: г. Москва, внутригородское муниципальное образование Зюзино по адресу: улица Одесская, земельный участок 5 (ЮЗАО)».",в строительстве,ДГП,"ФОНД ""РЕНОВАЦИИ""","ООО ""ГП-МФС""",30.11.2026,8,6-20,отсутствует,V,,,,,,,,V,,V,,V,20.03.2026
103,https://dashboard-stroi.mos.ru/dashboard/205,TT0000-99-7797-001,020-0067,"«Жилой дом с приспособлением подземного гаража под укрытие 1 200 человек для обеспечения защиты населения в период чрезвычайных ситуаций, с инженерными сетями и благоустройством территории (со сносом жилого здания по адресу: ул. 1-я Прядильная, д. 3) по адресу: г. Москва, внутригородское муниципальное образование Измайлово, улица 1-я Прядильная, земельный участок 3 (1-я Прядильная ул., вл.3), Восточный административный округ»",в строительстве,ДГП,"ФОНД ""РЕНОВАЦИИ""","ООО ""ГП-МФС""",30.6.2026,0,0-5,отсутствует,V,,,,,,,,,,V,,V,20.03.2026
104,https://dashboard-stroi.mos.ru/dashboard/206,TT0000-99-7799-001,020-0070,"«Жилой дом с приспособлением подземного гаража под укрытие 1 000 человек для обеспечения защиты населения в период чрезвычайных ситуаций, с инженерными сетями и благоустройством территории (со сносом жилого здания по адресу: ул. 3-я Прядильная, д. 10) по адресу: г. Москва, район Измайлово, 3-я Прядильная улица, земельный участок 10 (Восточный административный округ)»",в строительстве,ДГП,"ФОНД ""РЕНОВАЦИИ""","ООО ""ГП-МФС""",30.12.2026,0,0-5,отсутствует,V,,,,,,,,,,V,,V,20.03.2026
105,https://dashboard-stroi.mos.ru/dashboard/208,TT0000-99-4083-001,019-0088,"Жилой дом с инженерными сетями и благоустройством территории по адресу: г. Москва, внутригородское муниципальное образование Хорошёво-Мнёвники, Новохорошевский пр-д, влд. 24/3/1 (Северо-Западный административный округ)",в строительстве,ДГП,"ФОНД ""РЕНОВАЦИИ""","ООО ""КРОСТ-Д""",30.09.2026,31,21-40,отсутствует,V,,V,,,,,,V,,V,,V,20.03.2026
106,https://dashboard-stroi.mos.ru/dashboard/209,IH0230-10-0001-001,020-0023,"Жилой дом с приспособлением подземной автостоянки на 800 мест под защитное сооружение гражданской обороны - «укрытие» (ЗСГО), с инженерными сетями и благоустройством территории (со сносом зданий по адресам: г. Москва, район Красносельский, ул. Леснорядская, д. 7, ул. 2-я Леснорядская, д. 10-12, строен.1) по адресу: г. Москва, район Красносельский, ул. Леснорядская, земельный участок 7 (ЦАО)",в строительстве,ДГП,"ФОНД ""РЕНОВАЦИИ""","ООО ""Капитель""",30.5.2026,72,61-80,отсутствует,V,,V,,,,,,,,V,,V,20.03.2026
107,https://dashboard-stroi.mos.ru/dashboard/210,TT0000-99-8268-001,020-0066,"""Жилой дом с инженерными сетями и благоустройством территории по адресу: г. Москва, район Котловка, ул. Черемушкинская Б (Б. Черемушкинская ул., вл. 25Б) за границами ППТ, микрорайонов 67,68, кварталов 103,104,105,106 (Юго-Западный административный округ)"":",в строительстве,ДГП,"ФОНД ""РЕНОВАЦИИ""","ООО ""БИЗНЕСМОНОЛИТ""",30.11.2026,37,21-40,отсутствует,V,,V,,,,,,V,,V,,V,20.03.2026
108,https://dashboard-stroi.mos.ru/dashboard/211,TT0000-99-7748-001,022-0101,"Многоквартирный дом по ориентировочному адресу: г. Москва, внутригородское муниципальное образование Даниловское, Даниловская набережная, земельный участок 8 (Даниловская наб., вл. 8) (Южный административный округ)",в строительстве,ДГП,"ФОНД ""РЕНОВАЦИИ""","ООО ""СЗ Смарт Девелопмент""",30.11.2026,14,6-20,отсутствует,V,,,,,,,,V,,V,,V,20.03.2026
109,https://dashboard-stroi.mos.ru/dashboard/212,TT0000-10-0787-001,022-0683,"«Жилой дом с инженерными сетями и благоустройством территории» по адресу: г. Москва, внутригородское муниципальное образование Царицыно, улица Бакинская, земельный участок 31/2 (Бакинская ул., вл. 31) (Южный административный округ)",в строительстве,ДГП,"ФОНД ""РЕНОВАЦИИ""","ООО ""СЗ Хорс""",29.11.2026,6,6-20,отсутствует,V,,,,,,,,V,,V,,V,20.03.2026
110,https://dashboard-stroi.mos.ru/dashboard/213,TT0000-10-0802-001,023-0229,"Приобретение будущих объектов недвижимости, создаваемых в многоквартирном доме в целях реализации Программы реновации жилищного фонда в городе Москве по адресу: г. Москва, внутригородское муниципальное образование Новогиреево, проспект Свободный, земельный участок 12 (Свободный пр-т, вл. 12) (Восточный административный округ)",в строительстве,ДГП,"ФОНД ""РЕНОВАЦИИ""","ООО ""СЗ УРЗ-4""",30.06.2026,44,41-60,отсутствует,V,,V,,,,,,,,V,,V,20.03.2026
111,https://dashboard-stroi.mos.ru/dashboard/214,HI9744-10-0001-001,023-0490,"«Жилой дом с инженерными сетями и благоустройством территории (со сносом жилого здания по адресу: Касимовская ул., д. 35)» по адресу: г. Москва, внутригородское муниципальное образование Бирюлёво Восточное, улица Касимовская, земельный участок 35 (Касимовская ул., вл. 35) (ЮАО)",в строительстве,ДГП,"ФОНД ""РЕНОВАЦИИ""","ООО ""СЗ ПТС-5""",30.6.2026,0,0-5,отсутствует,V,,,,,,,,,,V,,V,20.03.2026
112,https://dashboard-stroi.mos.ru/dashboard/215,HI9744-10-0003-001,023-0489,"«Жилой дом с инженерными сетями и благоустройством территории (со сносом жилого здания по адресу: Касимовская ул., д. 33)» по адресу: г. Москва, внутригородское муниципальное образование Бирюлёво Восточное, улица Касимовская, земельный участок 33 (Касимовская ул., вл. 33) (ЮАО)",в строительстве,ДГП,"ФОНД ""РЕНОВАЦИИ""","ООО ""СЗ ПТС-4""",30.11.2026,1,0-5,отсутствует,V,,,,,,,,,,V,,V,20.03.2026
113,https://dashboard-stroi.mos.ru/dashboard/216,TT0000-99-7706-001,021-0511,"«Жилой дом с приспособлением подземной автостоянки под защитное сооружение гражданской обороны – «укрытие» с инженерными сетями и благоустройством территории (со сносом жилого здания по адресу: Дмитровское шоссе, д.36 корп.2) по адресу: г. Москва, внутригородское Муниципальное образование Тимирязвское, Дмитровское шоссе, земельный участок 36/2 (Зоны 2.1, 2.2, 2.3) (Северный административный округ)»",в строительстве,ДГП,"ФОНД ""РЕНОВАЦИИ""","АО ""МСУ-1"" (ГК ФСК)",30.11.2026,2,0-5,отсутствует,V,,,,,,,,,,V,,V,20.03.2026
114,https://dashboard-stroi.mos.ru/dashboard/217,TT0000-99-7707-001,022-0180,"«Жилой дом с приспособлением подземной автостоянки под защитное сооружение гражданской обороны – «укрытие» с инженерными сетями и благоустройством территории (со сносом жилого здания по адресу: Дмитровское шоссе, д.32 корп.1) по адресу: г. Москва, внутригородское муниципальное образование Тимирязевское, Дмитровское шоссе, земельный участок 32/1 (Зоны 3.1, 3.2) (Северный административный округ)»",в строительстве,ДГП,"ФОНД ""РЕНОВАЦИИ""","АО ""МСУ-1"" (ГК ФСК)",30.11.2026,10,6-20,отсутствует,V,,,,,,,,V,,V,,V,20.03.2026
115,https://dashboard-stroi.mos.ru/dashboard/218,TT0000-10-0752-001,022-0141,"Жилой дом с инженерными сетями и благоустройством территории (со сносом жилых домов по адресам: ул. Новохохловская, д.5А, ул. Новохохловская, д.5Б) по адресу: г. Москва, внутригородское муниципальное образование Нижегородское, улица Новохохловская, земельный участок 5А (Зона 2.1, 2.5)",в строительстве,ДГП,"ФОНД ""РЕНОВАЦИИ""","ООО ""Интегра-Групп""",30.6.2026,0,0-5,отсутствует,V,,,,,,,,,,V,,V,20.03.2026
116,https://dashboard-stroi.mos.ru/dashboard/219,TT0000-99-2175-001,019-0066,"«Жилой дом с инженерными сетями и благоустройством территории по адресу: г. Москва, район Коптево, ул .Генерала Рычагова,влд.14 (Северный административный округ)»",в строительстве,ДГП,"ФОНД ""РЕНОВАЦИИ""","ООО ""КРОСТ-Д""",30.12.2026,6,6-20,отсутствует,V,,,,,,,,V,"03.04.2026
Бетон",V,,V,20.03.2026
117,https://dashboard-stroi.mos.ru/dashboard/220,IH3679-10-0001-001,023-0685,"Жилой дом с инженерными сетями и благоустройством территории (со сносом жилого дома по адресу: Волгоградский пр-т, д. 140, корп.2) по адресу: г. Москва, внутригородское муниципальное образование Кузьминки, Волгоградский проспект, земельный участок 140/2 (Юго-Восточный административный округ города Москвы)",в строительстве,ДГП,"ФОНД ""РЕНОВАЦИИ""","ООО ""ГП-МФС""",30.07.2026,42,41-60,отсутствует,V,,V,,,,,,V,,V,,V,20.03.2026
118,https://dashboard-stroi.mos.ru/dashboard/221,TT0000-10-0552-001,020-0467,"Жилой дом с инженерными сетями и благоустройством территории по адресу: улица Лётчика Бабушкина, земельный участок 29/5 (Летчика Бабушкина ул., вл. 29, корп. 5), зона № 3.1",в строительстве,ДГП,"ФОНД ""РЕНОВАЦИИ""","ООО ""АЛЬМИС-ИНТЕГРАЛ""",30.03.2026,97,81-100,отсутствует,V,,,,,,,,,,V,,V,20.03.2026
119,https://dashboard-stroi.mos.ru/dashboard/222,HG9179-99-0001-001,022-0686,"«Жилой дом с инженерными сетями и благоустройством территории (со сносом жилого здания по адресу: ул. Полярная д.16, корп.1) по адресу: г. Москва, внутригородское муниципальное образование Южное Медведково, Полярная улица, земельный участок 16 (Полярная ул., вл. 16)» (Северо-Восточный административный округ)",в строительстве,ДГП,"ФОНД ""РЕНОВАЦИИ""","ООО ""ТРОЙКА КОНСТРАКШН""",30.06.2026,66,61-80,отсутствует,V,,V,,,,,,V,"01.04.2026
Бетон
03.04.2026
Бетон",V,,V,20.03.2026
120,https://dashboard-stroi.mos.ru/dashboard/223,HG6178-10-0001-001,021-0137,"Жилой дом с подземной автостоянкой, с инженерными сетями и благоустройством территории по адресу: г. Москва, внутригородское муниципальное образование Бескудниковское, Коровинское шоссе, земельный участок 2/4 (Зоны 11.1 и 11.2) (Северный административный округ)",в строительстве,ДГП,"ФОНД ""РЕНОВАЦИИ""","АО ""МСУ-1""",29.09.2026,0,0-5,отсутствует,V,,,,,,,,,,V,,V,20.03.2026
121,https://dashboard-stroi.mos.ru/dashboard/224,HG9484-10-0001-001,020-0465,"Жилые дома с подземной автостоянкой, инженерными сетями и благоустройством территории по адресу: г. Москва, внутригородское муниципальное образование Свиблово, Кольская улица, земельный участок 7 (Северо-Восточный административный округ)",в строительстве,ДГП,"ФОНД ""РЕНОВАЦИИ""","ООО ""МОСРЕНСТРОЙ-4""",30.09.2026,61,61-80,отсутствует,V,,V,,,,,,V,"01.04.2026
Бетон",V,,V,30.03.2026
122,https://dashboard-stroi.mos.ru/dashboard/225,HG6275-10-0001-001,021-0129,"Приобретение объектов недвижимости по адресу: г. Москва, САО, район Бескудниковский, Бескудниковский бульвар, земельный участок 48 (Зоны 3.2, 3.4)",в строительстве,ДГП,"ФОНД ""РЕНОВАЦИИ""","ООО ""СЗ БСК-Строй"" (ГК ФСК)",29.9.2026,12,6-20,отсутствует,V,,,,,,,,V,,V,,V,30.03.2026
123,https://dashboard-stroi.mos.ru/dashboard/227,TT0000-99-7849-001,020-0483,"«Жилой дом с инженерными сетями и благоустройством территории» по адресу: город Москва, внутригородская территория городской округ Щербинка, город Щербинка, улица 40 лет Октября, земельный участок 12 (Новомосковский административный округ города Москвы)",в строительстве,ДГП,"ФОНД ""РЕНОВАЦИИ""","ООО ""Велесстрой""",30.11.2026,22,21-40,отсутствует,V,,,,,,,,V,,V,,V,30.03.2026
124,https://dashboard-stroi.mos.ru/dashboard/228,IH2072-10-0001-001,021-0515,"""Жилой дом с инженерными сетями и благоустройством территории по адресу: город Москва, внутригородское муниципальное образование Текстильщики, 1-й Саратовский проезд, земельный участок 5 (1-й Саратовский пр-д, вл.5) (Юго-Восточный административный округ)""",в строительстве,ДГП,"ФОНД ""РЕНОВАЦИИ""","ООО ""ЭНЕРГОЭФФЕКТИВНЫЕ ТЕХНОЛОГИИ""",30.10.2026,13,6-20,отсутствует,V,,,,,,,,V,,V,,V,30.03.2026
125,https://dashboard-stroi.mos.ru/dashboard/229,HG6263-10-0001-001,021-0088,"Жилой дом с подземным гаражом, инженерными сетями и благоустройством территории (со сносом жилых зданий по адресам: Долгопрудная ул., д.6, к.1; Дмитровское шоссе, д.143, к.1) по адресу: г. Москва, внутригородское муниципальное образование Дмитровское, улица Долгопрудная, земельный участок 6/1 (Северный административный округ)",в строительстве,ДГП,"ФОНД ""РЕНОВАЦИИ""","ООО ""МОСРЕНСТРОЙ-2""",30.6.2026,46,41-60,отсутствует,V,,V,,,,,,V,,V,,V,30.03.2026
126,https://dashboard-stroi.mos.ru/dashboard/230,TT0000-99-8001-001,021-0503,"Жилой дом с приспособлением подземной автостоянки под защитное сооружение гражданской обороны - ""укрытие"" (ЗСГО) на 2400 мест, с инженерными сетями и благоустройством территории (со сносом многоквартирных жилых домов по адресам: ул.Речников, д.26, к.1; д.24, к.1; д.22, к.2) по адресу: г. Москва, внутригородское муниципальное образование Нагатинский Затон, улица Речников, земельный участок 22/2 (участок 13.1)",в строительстве,ДГП,"ФОНД ""РЕНОВАЦИИ""","ООО ""МАГИСТРАЛЬ""",30.11.2026,17,6-20,отсутствует,V,,,,,,,,V,,V,,V,30.03.2026
127,https://dashboard-stroi.mos.ru/dashboard/231,TT0000-99-7690-001,021-0135,"Жилой дом с приспособлением подземной автостоянки под защитное сооружение гражданской обороны – «укрытие» (ЗСГО) с инженерными сетями и благоустройством территории по адресу: г. Москва, внутригородское муниципальное образование Бескудниковское, Коровинское шоссе, земельный участок 4/6 (зона 14.1) (Северный административный округ)",в строительстве,ДГП,"ФОНД ""РЕНОВАЦИИ""","АО ""МСУ-1""",29.9.2026,0,0-5,отсутствует,V,,,,,,,,,,V,,V,30.03.2026
128,https://dashboard-stroi.mos.ru/dashboard/234,TT0000-10-0888-001,023-0603,"«Жилой дом с подземной автостоянкой, инженерными сетями и благоустройством территории (со сносом жилых зданий по адресам: ул. Каховка, д. 14, к.2) по адресу: г. Москва, внутригородское муниципальное образование Зюзино, ул. Каховка, земельный участок 14/2 (Юго-Западный административный округ)».",в строительстве,ДГП,"ФОНД ""РЕНОВАЦИИ""","ООО ""ГП-МФС""",30.10.2026,20,6-20,отсутствует,V,,,,,,,,V,,V,,V,19.03.2026
129,https://dashboard-stroi.mos.ru/dashboard/239,TT0000-99-7992-001,021-0370,"""Многоквартирный дом с подземным гаражом, с инженерными сетями и благоустройством территории (со сносом жилых и нежилых зданий по адресам: улица Гарибальди, дом 24, корпус 1; улица Гарибальди, дом 22, корпус 1; улица Гарибальди, дом 22, корпус 2; улица Гарибальди, дом 22, корпус 3; складской объект: улица Гарибальди, дом 24, корпус 2, строение 1 по адресу: квартал 26-27, зона № 2.1, района Обручевский (Юго-Западный административный округ)"".",в строительстве,ДГП,"ФОНД ""РЕНОВАЦИИ""","ООО ""ФЛЭТ И КО""",31.8.2026,47,41-60,отсутствует,V,,V,,,,,,V,,V,,V,30.03.2026
130,https://dashboard-stroi.mos.ru/dashboard/240,IH3710-10-0001-001,022-0414,"Жилой дом с приспособлением подземной автостоянки под защитное сооружение гражданской обороны – «укрытие» (ЗСГО) с инженерными сетями и благоустройством территории (со сносом жилых домов по адресам: ул. Байкальская, д. 14, к. 1; д. 16, к. 1; д. 16; к. 2; д. 16, к. 3; д. 16, к. 4) по адресу: г. Москва, внутригородское муниципальное образование Гольяново, улица Байкальская, земельный участок 16/11 (зона 10.1)» (Восточный административный округ)",в строительстве,ДГП,"ФОНД ""РЕНОВАЦИИ""","АО ""МЕЖРЕГИОНОПТТОРГ""",30.11.2026,15,6-20,отсутствует,V,,,,,,,,V,,V,,V,30.03.2026
131,https://dashboard-stroi.mos.ru/dashboard/241,HI7802-10-0004-001,023-1140,"Участие в долевом строительстве многоквартирного дома в целях реализации Программы реновации жилищного фонда в городе Москве по адресу: г. Москва, внутригородское муниципальное образование Зюзино, ул. Одесская, земельный участок 6; 6/1. Зона 1.2 (корпус 1) (Юго-Западный административный округ)",в строительстве,ДГП,"ФОНД ""РЕНОВАЦИИ""","ООО ""СПЕЦИАЛИЗИРОВАННЫЙ ЗАСТРОЙЩИК УЛИЦА ОДЕССКАЯ""",30.08.2026,44,41-60,отсутствует,V,,V,,,,,,V,,V,,V,30.03.2026
132,https://dashboard-stroi.mos.ru/dashboard/242,IH1661-10-0001-001,023-0256,"Жилой дом с приспособлением подземной автостоянки под защитное сооружение гражданской обороны - ""укрытие"" (ЗСГО) с инженерными сетями и благоустройством территории (со сносом жилых домов по адресам: ул. Нижегородская, д.88 к.1, ул. Нижегородская, д.90 к.1, ул. Нижегородская, д.92 к.1, ул. Нижегородская, д.94 к.1) по адресу: г. Москва, внутригородское муниципальное образование Нижегородское, Нижегородская улица, земельный участок 92А (Юго-восточный административный округ) (зона 2.3)",в строительстве,ДГП,"ФОНД ""РЕНОВАЦИИ""","ООО ""Интегра-Групп""",31.07.2026,0,0-5,отсутствует,V,,,,,,,,,,V,,V,30.03.2026
133,https://dashboard-stroi.mos.ru/dashboard/244,II2400-10-0001-001,024-0109,"Жилой дом с подземной автостоянкой с инженерными сетями и благоустройством территории (со сносом жилого здания по адресу: ул. Верхние Поля, д.13, к.1, ул. Верхние Поля, д.13, к.2) по адресу: г. Москва, внутригородское муниципальное образование Люблино, улица Верхние Поля, земельный участок 17 (зоны 4.1 и 4.3) (Юго-Восточный административный округ)",в строительстве,ДГП,"ФОНД ""РЕНОВАЦИИ""","ООО ""ГП-МФС""",30.09.2026,4,0-5,отсутствует,V,,,,,,,,V,"02.04.2026
Бетон",V,,V,30.03.2026
134,https://dashboard-stroi.mos.ru/dashboard/245,IH2689-10-0001-001,024-0010,"«Жилой дом с приспособлением подземного гаража под защитное сооружение гражданской обороны – «укрытие» (ЗСГО), с инженерными сетями и благоустройством территории (со сносом жилых зданий по адресам: ул. Таганрогская, д.8, ул. Таганрогская, д.8, стр.2) по адресу: г. Москва, внутригородское муниципальное образование Люблино, улица Таганрогская, земельный участок 8 (Юго-Восточный административный округ)",в строительстве,ДГП,"ФОНД ""РЕНОВАЦИИ""","ООО ""ГП-МФС""",30.09.2026,1,0-5,отсутствует,V,,,,,,,,,,V,,V,30.03.2026
135,https://dashboard-stroi.mos.ru/dashboard/246,IH2871-10-0001-001,023-0278,"Жилой дом с приспособлением подземной автостоянки под защитное сооружение гражданской обороны – «укрытие» (ЗСГО) с инженерными сетями и благоустройством территории (со сносом жилого здания по адресу: ул. Жигулевская, д.3) по адресу: г. Москва, внутригородское муниципальное образование Кузьминки, улица Жигулёвская, земельный участок 3/3/1 (Юго-Восточный административный округ города Москвы)",в строительстве,ДГП,"ФОНД ""РЕНОВАЦИИ""","ООО ""ГП-МФС""",30.09.2026,5,0-5,отсутствует,V,,,,,,,,V,,V,,V,30.03.2026
136,https://dashboard-stroi.mos.ru/dashboard/247,TT0000-99-1848-001,019-0491,"Жилой дом с инженерными сетями и благоустройством территории по адресу: г. Москва, внутригородское муниципальное образование Бескудниковское, Коровинское шоссе, земельный участок 6 (Коровинское ш., вл.6), Северный административный округ",в строительстве,ДГП,"ФОНД ""РЕНОВАЦИИ""","АО ""МФС-6""",30.9.2026,0,0-5,отсутствует,V,,,,,,,,,,V,,V,30.03.2026
137,https://dashboard-stroi.mos.ru/dashboard/248,IH3422-10-0001-001,023-0267,"Приобретение будущих объектов недвижимости, создаваемых в многоквартирном доме в целях реализации Программы реновации жилищного фонда в городе Москве по адресу: г. Москва, внутригородское муниципальное образование Измайлово, улица 2-я Прядильная, земельный участок 9 (2-я Прядильная ул., вл.9) (Восточный административный округ)",в строительстве,ДГП,"ФОНД ""РЕНОВАЦИИ""","ООО ""СЗ ИЗМАЙЛОВО""",30.12.2026,1,0-5,отсутствует,V,,,,,,,,,,V,,V,30.03.2026
138,https://dashboard-stroi.mos.ru/dashboard/250,IH0731-10-0001-001,022-0391,"«Жилой дом с инженерными сетями и благоустройством территории» по адресу: г. Москва, внутригородское муниципальное образование Басманное, улица Бакунинская, земельный участок 77/3 (Центральный административный округ)",в строительстве,ДГП,"ФОНД ""РЕНОВАЦИИ""","ООО ""ПТС-Р""",30.11.2026,0,0-5,отсутствует,V,,,,,,,,,,V,,V,30.03.2026
139,https://dashboard-stroi.mos.ru/dashboard/251,TT0000-99-7937-001,021-0359,"«Жилой дом с приспособлением подземной автостоянки под защитное сооружение гражданской обороны – «укрытие» (ЗСГО), с инженерными сетями и благоустройством территории (со сносом жилого дома по адресу: 1-й Очаковский пер., д.4) по адресу: район Очаково-Матвеевское, улица Наташи Ковшовой, земельный участок 1 (Западный административный округ)»",в строительстве,ДГП,"ФОНД ""РЕНОВАЦИИ""","АО ""МСУ-1"" (ГК ФСК)",30.11.2026,2,0-5,отсутствует,V,,,,,,,,,,V,,V,30.03.2026
140,https://dashboard-stroi.mos.ru/dashboard/252,HG6177-10-0001-001,021-0147,"«Жилой дом с инженерными сетями и благоустройством территории» по адресу: г. Москва, внутригородское муниципальное образование Бескудниковское, Коровинское шоссе, земельный участок 8» (Северный административный округ)",в строительстве,ДГП,"ФОНД ""РЕНОВАЦИИ""","ООО ""СЗ БСК-Строй""",30.12.2026,0,0-5,отсутствует,V,,,,,,,,,,V,,V,30.03.2026
141,https://dashboard-stroi.mos.ru/dashboard/253,IH3163-10-0001-001,024-0214,"«Жилой дом с инженерными сетями и благоустройством территории (со сносом жилого дома по адресу: улица Михайлова, дом 27)» по адресу: г. Москва, внутригородское муниципальное образование Рязанское, улица Михайлова, земельный участок 27 (Михайлова ул., вл. 27) (Юго-Восточный административный округ)",в строительстве,ДГП,"ФОНД ""РЕНОВАЦИИ""","АО ""МСУ-1"" (ГК ФСК)",30.11.2026,8,6-20,отсутствует,V,,,,,,,,V,,V,,V,30.03.2026
142,https://dashboard-stroi.mos.ru/dashboard/254,IH5018-10-0001-001,023-0259,"«Жилой дом с инженерными сетями и благоустройством территории (со сносом жилых домов по адресам: Сиреневый б-р, д. 70, корп. 1, ул. 16-я Парковая, д. 16, корп. 2)» по адресу: г. Москва, внутригородское муниципальное образование Восточное Измайлово, Сиреневый бульвар, земельный участок 70 (Сиреневый б-р, вл. 70) (Восточный административный округ)»",в строительстве,ДГП,"ФОНД ""РЕНОВАЦИИ""","ООО ""СЗ КАПИТЕЛЬ""",30.11.2026,6,6-20,отсутствует,V,,,,,,,,V,,V,,V,30.03.2026
143,https://dashboard-stroi.mos.ru/dashboard/256,TT0000-99-7948-001,021-0019,"«Жилой дом с инженерными сетями и благоустройством территории (со сносом здания по адресу: ул. Краснодарская, д. 8) по адресу: г. Москва, внутригородское муниципальное образование Люблино, улица Краснодарская, земельный участок 8 (Краснодарская ул., вл. 8) (Юго-Восточный административный округ)»",в строительстве,ДГП,"ФОНД ""РЕНОВАЦИИ""","ООО ""Велесстрой""",28.04.2026,2,0-5,отсутствует,V,,,,,,,,,,V,,V,30.03.2026
144,https://dashboard-stroi.mos.ru/dashboard/257,HG6163-10-0001-001,021-0093,"Жилой дом с приспособлением подземной автостоянки под защитное сооружение гражданской обороны – «укрытие» (ЗСГО), инженерными сетями и благоустройством территории (со сносом жилых домов по адресу: ул. Долгопрудная, д.8, к.2 и ул. Долгопрудная, д.8, к.1) по адресу: г. Москва внутригородское муниципальное образование Дмитровское, улица Долгопрудная, земельный участок 8 (Северный административный округ)",в строительстве,ДГП,"ФОНД ""РЕНОВАЦИИ""","ООО ""МОСРЕНСТРОЙ-2""",30.9.2026,3,0-5,отсутствует,V,,,,,,,,V,,V,,V,30.03.2026
145,https://dashboard-stroi.mos.ru/dashboard/258,TT0000-99-8021-001,019-0047,"Жилой дом с инженерными сетями и благоустройством территории по адресу: г. Москва, внутригородское муниципальное образование Бескудниковское, ш. Дмитровское, з/у 89 (Дмитровское ш., влд. 89), Северный административный округ",в строительстве,ДГП,"ФОНД ""РЕНОВАЦИИ""","ООО ""ГП-МФС""",30.09.2026,64,61-80,отсутствует,V,,V,,,,,,,,V,,V,30.03.2026
146,https://dashboard-stroi.mos.ru/dashboard/260,TT0000-99-0617-001,019-0619,"""Жилой дом с инженерными сетями и благоустройством территории по адресу: г. Москва, район Проспект Вернадского, ул. Лобачевского, влд. 62 (Западный административный округ)""",в строительстве,ДГП,"ФОНД ""РЕНОВАЦИИ""","ООО ""ФЛЭТ И КО""",30.09.2026,37,21-40,отсутствует,V,,V,,,,,,V,,V,,V,30.03.2026
147,https://dashboard-stroi.mos.ru/dashboard/261,TT0000-99-7810-001,020-0095,"Жилой дом с инженерными сетями и благоустройством территории (со сносом жилых зданий по адресам: ул. Восточная д.1, корп. 1 и Пересветов пер., д.1, корп.2) по адресу: г. Москва, район Даниловский, ул. Восточная, 1 (Южный административный округ)",в строительстве,ДГП,"ФОНД ""РЕНОВАЦИИ""","ООО ""ИСК РОДИНА""",30.09.2026,36,21-40,отсутствует,V,,V,,,,,,V,,V,,V,30.03.2026
148,https://dashboard-stroi.mos.ru/dashboard/262,TT0000-99-7931-001,021-0356,"«Жилой дом с приспособлением подземной автостоянки под защитное сооружение гражданской обороны – «укрытие» (ЗСГО), с инженерными сетями и благоустройством территории (со сносом многоквартирного дома по адресу: ул. Велозаводская, д. 2, корп. 2) по адресу: г. Москва, район Даниловский, Велозаводская ул., земельный участок 2» (Южный административный округ)",в строительстве,ДГП,"ФОНД ""РЕНОВАЦИИ""","ООО ""ГЛОБАЛИЗАЦИЯСТРОЙ""",30.9.2026,17,6-20,отсутствует,V,,,,,,,,V,,V,,V,30.03.2026
149,https://dashboard-stroi.mos.ru/dashboard/263,HG3297-10-0001-001,021-0544,"""Жилые дома с подземной автостоянкой, инженерными сетями и благоустройством территории по адресу: г. Москва, внутригородское муниципальное образование Южное Тушино, ул. Новопоселковая, вл. 6 (Северо-Западный административный округ)""",в строительстве,ДГП,"ФОНД ""РЕНОВАЦИИ""","ООО ""ФЛЭТ И КО""",30.11.2026,2,0-5,отсутствует,V,,,,,,,,,,V,,V,30.03.2026
150,https://dashboard-stroi.mos.ru/dashboard/264,TT0000-99-7694-001,022-0078,"""Жилой дом с инженерными сетями и благоустройством территории (со сносом жилого дома по адресу: ул. 2-я Дубровская, д. 1)"" по адресу: г. Москва, внутригородское муниципальное образование Таганское, 2-я Дубровская улица, земельный участок 1 (Центральный административный округ)",в строительстве,ДГП,"ФОНД ""РЕНОВАЦИИ""","ООО ""ЭЛИТСТРОЙ""",30.09.2026,25,21-40,отсутствует,V,,V,,,,,,V,,V,,V,30.03.2026
151,https://dashboard-stroi.mos.ru/dashboard/266,TT0000-10-0712-001,022-0372,"Жилой дом с инженерными сетями и благоустройством территории (со сносом нежилого здания ГБОУ школа на Яузе Дошкольное отделение корпус № 7 по адресу: ул. Госпитальный Вал, д.5, стр.20 и жилого дома: по адресу ул. Госпитальный Вал, д.5, к.10) по адресу: г. Москва, Басманный район, ул. Госпитальный Вал, вл.5, корп.10 (Центральный административный округ)",в строительстве,ДГП,"ФОНД ""РЕНОВАЦИИ""","ООО ""МЕГАПАРК""",30.08.2026,32,21-40,отсутствует,V,,V,,,,,,V,,V,,V,30.03.2026
152,https://dashboard-stroi.mos.ru/dashboard/267,TT0000-10-0713-001,022-0393,"Жилой дом с инженерными сетями и благоустройством территории (со сносом жилых домов по адресам: ул. Госпитальный Вал, д.3 и д.3, корп.1) по адресу: Басманный район, ул. Госпитальный Вал, вл.3 (Центральный административный округ)",в строительстве,ДГП,"ФОНД ""РЕНОВАЦИИ""","ООО ""МЕГАПАРК""",30.8.2026,28,21-40,отсутствует,V,,V,,,,,,V,,V,,V,30.03.2026
153,https://dashboard-stroi.mos.ru/dashboard/268,TT0000-99-8291-001,022-0394,"«Жилой дом с инженерными сетями и благоустройством территории (со сносом жилых домов по адресам: 1-й квартал Капотня, д. 3, 1-й квартал Капотня, д. 4, 1-й квартал Капотня, д. 5, 1-й квартал Капотня, д. 12) по адресу: г. Москва, внутригородское муниципальное образование Капотня, 1-й квартал Капотни, земельный участок 4 (1-й квартал Капотня, вл. 4)» (Юго-Восточный административный округ)",в строительстве,ДГП,"ФОНД ""РЕНОВАЦИИ""","ООО ""АРТСТРОЙТЕХНОЛОГИЯ""",30.8.2026,24,21-40,отсутствует,V,,,,,,,,V,,V,,V,30.03.2026
154,https://dashboard-stroi.mos.ru/dashboard/269,TT0000-99-8293-001,022-0386,"«Жилой дом с инженерными сетями и благоустройством территории (со сносом жилых домов по адресам: пос. Кокошкино, д.п. Кокошкино, ул. Труда, дд. 1, 2, 3, 4) по адресу: г. Москва, поселение Кокошкино, дачный поселок Кокошкино, улица Труда, земельный участок 1 (ул. Труда, вл. 1, 2, 3, 4) (Новомосковский административный округ)»",в строительстве,ДГП,"ФОНД ""РЕНОВАЦИИ""","АО ""ХК ГВСУ ЦЕНТР""",30.11.2026,1,0-5,отсутствует,V,,,,,,,,,,V,,V,30.03.2026
155,https://dashboard-stroi.mos.ru/dashboard/270,TT0000-10-0788-001,022-0682,"«Жилой дом с инженерными сетями и благоустройством территории по адресу: г. Москва, внутригородское муниципальное образование Рязанское, Рязанский проспект, земельный участок 6А (Рязанский пр-т, вл.6А)» (Юго-Восточный административный округ)",в строительстве,ДГП,"ФОНД ""РЕНОВАЦИИ""","ООО ""ТРОЙКА КОНСТРАКШН""",30.6.2026,69,61-80,отсутствует,V,,V,,,,,,,,V,,V,30.03.2026
156,https://dashboard-stroi.mos.ru/dashboard/271,HG3296-10-0002-001,023-0514,"""Жилой дом с инженерными сетями и благоустройством территории"" по адресу: г. Москва, внутригородское муниципальное образование Южное Тушино, улица Новопоселковая, земельный участок 5А (СЗАО)",в строительстве,ДГП,"ФОНД ""РЕНОВАЦИИ""","ООО ""СЗ БОГОРОДСКАЯ""",31.12.2026,0,0-5,отсутствует,V,,,,,,,,,,V,,V,30.03.2026
157,https://dashboard-stroi.mos.ru/dashboard/272,HH3402-10-0001-001,023-1070,"«Жилой дом с инженерными сетями и благоустройством территории (со сносом нежилых зданий по адресам: г. Москва, район Покровское-Стрешнево, улица Циолковского, д. 3 стр. 1, д. 3 стр. 2, д. 3 стр. 3)» по адресу: г. Москва, район Покровское-Стрешнево, ул. Циолковского, вл. 3 (Северо-Западный административный округ)",в строительстве,ДГП,"ФОНД ""РЕНОВАЦИИ""","ООО ""МИЛАНСТРОЙ""",30.11.2026,2,0-5,отсутствует,V,,,,,,,,,,V,,V,30.03.2026
158,https://dashboard-stroi.mos.ru/dashboard/273,TT0000-99-7749-001,022-0100,"Приобретение будущих объектов недвижимости, создаваемых в многоквартирном доме в целях реализации Программы реновации жилищного фонда в городе Москве по адресу: г. Москва, внутригородское муниципальное образование Соколиная Гора, ул. Щербаковская, земельный участок 5А (Щербаковская улица, влд. 5А) (Восточный административный округ)",в строительстве,ДГП,"ФОНД ""РЕНОВАЦИИ""","ООО ""СЗ И2-Девелопмент""",30.06.2026,43,41-60,отсутствует,V,,V,,,,,,V,,V,,V,31.03.2026
159,https://dashboard-stroi.mos.ru/dashboard/274,IH4582-10-0002-001,022-0359,"Жилой дом с приспособлением подземного гаража под защитное сооружение гражданской обороны – «укрытие» (ЗСГО) с инженерными сетями и благоустройством территории (со сносом жилого дома по адресу: Самаркандский б-р. д.15 к.5) по адресу: Российская Федерация, город Москва, внутригородская территория муниципальное образование Выхино-Жулебино, Самаркандский бульвар, земельный участок 15А (ЮВАО)",в строительстве,ДГП,"ФОНД ""РЕНОВАЦИИ""","ООО ""ГК СУ-555""",30.8.2026,30,21-40,отсутствует,V,,V,,,,,,V,,V,,V,31.03.2026
160,https://dashboard-stroi.mos.ru/dashboard/275,TT0000-10-0789-001,022-0681,"""Жилой дом с инженерными сетями и благоустройством территории по адресу: г. Москва, внутригородское муниципальное образование Головинское, улица Михалковская, земельный участок 55/22 (Михалковская ул., вл. 52, стр. 22, 23)""",в строительстве,ДГП,"ФОНД ""РЕНОВАЦИИ""","ООО ""А1""",31.12.2026,0,0-5,отсутствует,V,,,,,,,,,,V,,V,31.03.2026
161,https://dashboard-stroi.mos.ru/dashboard/276,TT0000-99-7812-001,020-0083,"""Жилой дом с инженерными сетями и благоустройством территории (со сносом жилых домов по адресам: г. Москва, ул. Бехтерева, д. 3, к. 1, ул. Бехтерева, д. 3, к. 2, ул. Бехтерева, д. 5)"" по адресу: г. Москва, внутригородское муниципальное образование Царицыно, улица Бехтерева, земельный участок 3/5 (ЮАО)",в строительстве,ДГП,"ФОНД ""РЕНОВАЦИИ""","ООО ""МАГИСТРАЛЬ""",30.12.2026,15,6-20,отсутствует,V,,,,,,,,V,,V,,V,31.03.2026
162,https://dashboard-stroi.mos.ru/dashboard/277,HG5964-10-0002-001,021-0115,"«Жилой дом с инженерными сетями и благоустройством территории (со сносом жилых зданий по адресу: Клязьминская ул., д.26; Карельский бульвар, д.3 к.3) по адресу г. Москва, внутригородское муниципальное образование Дмитровское, Клязьминская улица, земельный участок 26 (Северный административный округ)»",в строительстве,ДГП,"ФОНД ""РЕНОВАЦИИ""","ООО ""МОСРЕНСТРОЙ-2""",30.11.2026,0,0-5,отсутствует,V,,,,,,,,,,V,,V,31.03.2026
163,https://dashboard-stroi.mos.ru/dashboard/278,TT0000-99-7997-001,021-0487,"Жилой дом с подземным гаражом, инженерными сетями и благоустройством территории (со сносом жилых зданий по адресам: Вагоноремонтная улица, д.11; Вагоноремонтная ул., д.9/25) по адресу: г. Москва, внутригородское муниципальное образование Дмитровское, Вагоноремонтная улица, земельный участок 9/11 (Зона 5.1) (Северный административный округ)",в строительстве,ДГП,"ФОНД ""РЕНОВАЦИИ""","ООО ""МОСРЕНСТРОЙ-2""",30.09.2026,0,0-5,отсутствует,V,,,,,,,,,,V,,V,31.03.2026
164,https://dashboard-stroi.mos.ru/dashboard/279,TT0000-99-1551-001,020-0064,"Жилой дом с приспособлением подземной автостоянки под защитное сооружение гражданской обороны – «укрытие» (ЗСГО) с инженерными сетями и благоустройством территории» по адресу: город Москва, внутригородское муниципальное образование - муниципальный округ Ломоносовский в городе Москве, улица Вавилова, земельный участок 76/1 (Вавилова ул., вл. 76) (Юго-Западный административный округ)",в строительстве,ДГП,"ФОНД ""РЕНОВАЦИИ""","ООО ""ПРЕМЬЕР""",30.7.2026,2,0-5,отсутствует,V,,,,,,,,,,V,,V,31.03.2026
165,https://dashboard-stroi.mos.ru/dashboard/280,TT0000-99-7821-001,020-0046,"«Жилой дом с приспособлением подземной автостоянки под защитное сооружение гражданской обороны – «укрытие» (ЗСГО), с инженерными сетями и благоустройством территории (со сносом жилых зданий по адресам: наб. Новикова-Прибоя, д. 6, корп. 2; наб. Новикова-Прибоя, д. 6, корп. 3) по адресу: район Хорошево-Мневники, мкр. 83, 84-85, 86, зона № 9.1 (Северо-Западный административный округ)».",в строительстве,ДГП,"ФОНД ""РЕНОВАЦИИ""","ООО ""СТРОЙПРОЕКТ""",30.11.2026,7,6-20,отсутствует,V,,,,,,,,V,,V,,V,31.03.2026
166,https://dashboard-stroi.mos.ru/dashboard/281,TT0000-99-7818-001,020-0054,"Жилой дом с подземной автостоянкой, инженерными сетями и благоустройством территории (со сносом жилых зданий по адресам: ул. Большая Очаковская, д. 45, к.1, ул. Проектируемый проезд № 1980, д.3) по адресу: г. Москва, внутригородское муниципальное образование Очаково-Матвеевское, ул. Большая Очаковская, земельный участок 45А (Большая Очаковская ул., вл.45А) (Западный административный округ)",в строительстве,ДГП,"ФОНД ""РЕНОВАЦИИ""","ООО ""СТРОЙПРОЕКТ""",30.10.2026,35,21-40,отсутствует,V,,V,,,,,,V,,V,,V,31.03.2026
167,https://dashboard-stroi.mos.ru/dashboard/282,TT0000-10-0801-001,023-0222,"""Жилой дом с инженерными сетями и благоустройством территории (со сносом жилого дома по адресу: проезд Береговой, д.9, корп. 1) по адресу: г. Москва, внутригородское муниципальное образование Филевский Парк, проезд Береговой, земельный участок 9/1 (Береговой пр-д, вл.9, корп.1)"" (Западный административный округ)",в строительстве,ДГП,"ФОНД ""РЕНОВАЦИИ""","АО ""СК ФЛАН-М""",30.10.2026,8,6-20,отсутствует,V,,,,,,,,V,,V,,V,31.03.2026
168,https://dashboard-stroi.mos.ru/dashboard/283,TT0000-99-7760-001,021-0492,"Жилой дом с приспособлением подземной автостоянки под защитное сооружение гражданской обороны – «укрытие» (ЗСГО) с инженерными сетями и благоустройством территории (со сносом зданий по адресу: ул. Байкальская, д. 28, к. 3) по адресу: г. Москва, внутригородское муниципальное образование Гольяново, улица Байкальская, земельный участок 28/3 (ул. Байкалькая, влд.28) (ВАО)",в строительстве,ДГП,"ФОНД ""РЕНОВАЦИИ""","ООО ""НАСЛЕДИЕ-РЕНОВАЦИЯ""",30.11.2026,34,21-40,отсутствует,V,,V,,,,,,V,,V,,V,31.03.2026
169,https://dashboard-stroi.mos.ru/dashboard/288,HI6872-10-0002-001,020-0056,"«Жилой дом с инженерными сетями и благоустройством территории (со сносом зданий по адресу: г. Москва, район Южное Бутово, ул. Ливенская, д. 1; ул. Ливенская, д. 2; ул. Ливенская, д. 3)» по адресу: г. Москва, внутригородское муниципальное образование Южное Бутово, улица Ливенская, земельный участок 1 (Ливенская ул., вл. 1) (Юго-Западный административный округ)",в строительстве,ДГП,"ФОНД ""РЕНОВАЦИИ""","ООО ""МДТ ГРУПП""",30.11.2026,0,0-5,отсутствует,V,,,,,,,,,,V,,V,31.03.2026
170,https://dashboard-stroi.mos.ru/dashboard/289,HH3623-10-0001-001,023-1129,"""Жилой дом с инженерными сетями и благоустройством территории (со сносом жилого дома по адресу: Живописная улица, дом 34, корпус 1)"" по адресу: г. Москва, внутригородское муниципальное образование Щукино, улица Живописная, земельный участок 34/1 (Живописная ул., вл. 34, корп. 1) (Северо-Западный административный округ)",в строительстве,ДГП,"ФОНД ""РЕНОВАЦИИ""","ООО ""ДОМ-СТРОЙ""",31.12.2026,1,0-5,отсутствует,V,,,,,,,,,,V,,V,31.03.2026
171,https://dashboard-stroi.mos.ru/dashboard/290,TT0000-99-8027-001,021-0121,«Жилые дома с инженерными сетями и благоустройством территории» по адресу: зона 6.2 поселка Шишкин Лес поселения Михайлово-Ярцевское (Троицкий административный округ).,в строительстве,ДГП,"ФОНД ""РЕНОВАЦИИ""","ООО ""МОСРЕНСТРОЙ-1""",30.10.2026,8,6-20,отсутствует,V,,,,,,,,V,,V,,V,31.03.2026
172,https://dashboard-stroi.mos.ru/dashboard/291,TT0000-99-7756-001,021-0816,"Жилой дом с приспособлением подземной автостоянки под защитное сооружение гражданской обороны - ""укрытие"" (ЗСГО) с инженерными сетями и благоустройством территории (со сносом жилых зданий, по адресам: Перекопская улица, дом 29; Перекопская улица, дом 27, корпус 1; Перекопская улица, дом 27, корпус 2) по адресу: г. Москва, внутригородское муниципальное образование Черемушки, улица Перекопская, земельный участок 27 (Юго-Западный административный округ)",в строительстве,ДГП,"ФОНД ""РЕНОВАЦИИ""","ООО ""ФЛЭТ И КО""",30.06.2026,1,0-5,отсутствует,V,,,,,,,,,,V,,V,31.03.2026
173,https://dashboard-stroi.mos.ru/dashboard/292,IH4582-10-0001-001,022-0361,"Жилой дом с приспособлением подземного гаража под защитное сооружение гражданской обороны – «укрытие» (ЗСГО) с инженерными сетями и благоустройством территории (со сносом жилого дома по адресу: Самаркандский б-р. д.15 к.4) по адресу: Российская Федерация, город Москва, внутригородская территория муниципальный округ Выхино-Жулебино, Самаркандский бульвар, земельный участок 15/4 (ЮВАО)",в строительстве,ДГП,"ФОНД ""РЕНОВАЦИИ""","ООО ""ГК СУ-555""",30.9.2026,15,6-20,отсутствует,V,,,,,,,,V,,V,,V,31.03.2026
174,https://dashboard-stroi.mos.ru/dashboard/293,IH3567-10-0001-001,024-0215,"«Жилой дом с инженерными сетями и благоустройством территории (со сносом жилого дома по адресу: улица Михайлова, дом 38)» по адресу: г. Москва, внутригородское муниципальное образование Рязанское, улица Михайлова, земельный участок 38 (Михайлова ул., вл. 38) (Юго-Восточный административный округ)",в строительстве,ДГП,"ФОНД ""РЕНОВАЦИИ""","АО ""МСУ-1"" (ГК ФСК)",30.11.2026,0,0-5,отсутствует,V,,,,,,,,,,V,,V,31.03.2026
175,https://dashboard-stroi.mos.ru/dashboard/294,HH6142-10-0001-001,022-0090,"Жилой дом с подземной автостоянкой, инженерными сетями и благоустройством территории по адресу: г. Москва, внутригородское муниципальное образование Пресненское,улица Подвойского, земельный участок 12/15 (зона 1.1)",в строительстве,ДГП,"ФОНД ""РЕНОВАЦИИ""","ООО ""СТРОЙПРОЕКТ""",30.10.2026,50,41-60,отсутствует,V,,V,,,,,,V,,V,,V,31.03.2026
176,https://dashboard-stroi.mos.ru/dashboard/295,TT0000-99-7719-001,021-0820,"Жилой дом с приспособлением подземной автостоянки под защитное сооружение гражданской обороны – «укрытие» (ЗСГО) с инженерными сетями и благоустройством территории (со сносом нежилого здания по адресу: б-р Славянский, д. 7, корп.2) по адресу: г. Москва, внутригородское муниципальное образование Фили-Давыдково, ул. Кременчугская, вл. 11-17 (Западный административный округ)»",в строительстве,ДГП,"ФОНД ""РЕНОВАЦИИ""","ООО ""МОСРЕНСТРОЙ-3""",30.09.2026,51,41-60,отсутствует,V,,V,,,,,,V,,V,,V,31.03.2026
177,https://dashboard-stroi.mos.ru/dashboard/296,TT0000-99-7961-001,021-0535,"""Жилой дом с приспособлением подземной автостоянки под защитное сооружение гражданской обороны - ""укрытие"" (ЗСГО), с инженерными сетями и благоустройством территории (со сносом жилого дома по адресу: улица Константинова, дом 2) по адресу: город Москва, внутригородское муниципальное образование Алексеевское, улица Константинова, земельный участок 2 (ул. Константинова, вл. 2),Северо-Восточный административный округ""",в строительстве,ДГП,"ФОНД ""РЕНОВАЦИИ""","ООО ""СОТЭКС""",30.08.2026,23,21-40,отсутствует,V,,,,,,,,V,,V,,V,31.03.2026
178,https://dashboard-stroi.mos.ru/dashboard/297,HH8420-10-0001-001,022-0185,"""Жилой дом с инженерными сетями и благоустройством территории (со сносом жилых зданий по адресам: ул. Шереметьевская д.17, корп.1, ул. Шереметьевская д.17, корп.2) по адресу: г. Москва, район Марьина Роща, Шереметьевская ул., вл. 17, корп. 1, корп. 2 (Северо-Восточный административный округ)""",в строительстве,ДГП,"ФОНД ""РЕНОВАЦИИ""","ООО ""ЕВРОМЕТСТРОЙ""",30.08.2026,1,0-5,отсутствует,V,,,,,,,,,,V,,V,31.03.2026
179,https://dashboard-stroi.mos.ru/dashboard/298,TT0000-10-0338-001,020-0050,"Жилой дом с подземной австостоянкой, инженерными сетями и благоустройством территории (со сносом жилых зданий по адресам: ул. Пивченкова, д.10, ул. Пивченкова, д.12, ул. Пивченкова, д.14, ул. Олеко Дундича, д.45, к.1, ул. Олеко Дундича, д.45, к.2, ул. Олеко Дундича, д.47, ул. Кастанаевская, д.40, к.1, ул. Кастанаевская, д.40, к.2) по адресу: г. Москва, ЗАО, район Фили-Давыдково, улица Пивченкова, вл. 14",в строительстве,ДГП,"ФОНД ""РЕНОВАЦИИ""","ООО ""СТРОЙПРОЕКТ""",28.9.2026,42,41-60,отсутствует,V,,V,,,,,,V,,V,,V,31.03.2026
180,https://dashboard-stroi.mos.ru/dashboard/299,HG4393-10-0001-001,023-0437,"Жилой дом с инженерными сетями, благоустройством территории и размещением на кровле электросирены оповещения (со сносом жилого здания по адресу: Ленинградское шоссе, д.62, корп.1) по адресу: г. Москва, внутригородское муниципальное образование Головинское, Ленинградское шоссе, земельный участок 62/1 (зона 9.1) (Северный административный округ)",в строительстве,ДГП,"ФОНД ""РЕНОВАЦИИ""","ООО ""КРОСТ-Д""",30.11.2026,0,0-5,отсутствует,V,,,,,,,,,,V,,V,31.03.2026
181,https://dashboard-stroi.mos.ru/dashboard/300,HG6094-10-0001-001,024-0016,"""Жилой дом с приспособлением подземной автостоянки под защитное сооружение гражданской обороны ""укрытие"" (ЗСГО), с инженерными сетями и благоустройством территории (со сносом жилого дома по адресу: проезд Черепановых, д. 52А), по адресу: район Коптево, кв. 101, зона № 12.2 (САО)"".",в строительстве,ДГП,"ФОНД ""РЕНОВАЦИИ""","ООО ""КРОСТ-Д""",30.11.2026,0,0-5,отсутствует,V,,,,,,,,,,V,,V,31.03.2026
182,https://dashboard-stroi.mos.ru/dashboard/301,IG0276-10-0002-001,022-0459,"«Жилой дом с инженерными сетями и благоустройством территории (со сносом жилого здания по адресам: ул. Летчика Бабушкина, дом 33, к.3) по адресу: г. Москва, внутригородское муниципальное образование – муниципальный округ Бабушкинский в городе Москве, улица Лётчика Бабушкина, земельный участок 33Б (Северо-Восточный административный округ)»",в строительстве,ДГП,"ФОНД ""РЕНОВАЦИИ""","ООО ""КОНЦЕРН МОНАРХ""",30.09.2026,4,0-5,отсутствует,V,,,,,,,,V,"03.04.2026
Бетон",V,,V,31.03.2026
183,https://dashboard-stroi.mos.ru/dashboard/302,IG0276-10-0001-001,022-0458,"Жилой дом с подземной автостоянкой, инженерными сетями и благоустройством территории (со сносом жилых зданий по адресам: ул. Летчика Бабушкина, дом 35, к. 1, дом 35, к. 2) по адресу: район Бабушкинский микрорайоны 10, 13, зона № 4.3 (СВАО).",в строительстве,ДГП,"ФОНД ""РЕНОВАЦИИ""",Н/Д,30.6.2026,0,0-5,отсутствует,V,,,,,,,,,,V,,V,31.03.2026
184,https://dashboard-stroi.mos.ru/dashboard/303,IG0375-10-0001-001,022-0460,"«Жилой дом с инженерными сетями и благоустройством территории (со сносом жилого здания по адресу: ул. Летчика Бабушкина, дом 39, к. 1) по адресу: Российская Федерация, город Москва, внутригородская территория муниципальный округ Бабушкинский, улица Лётчика Бабушкина, земельный участок 39/1/1 (Северо-Восточный административный округ)»",в строительстве,ДГП,"ФОНД ""РЕНОВАЦИИ""","ООО ""КОНЦЕРН МОНАРХ""",30.10.2026,0,0-5,отсутствует,V,,,,,,,,,,V,,V,31.03.2026
185,https://dashboard-stroi.mos.ru/dashboard/304,IH4581-10-0001-001,022-0360,"Жилой дом с инженерными сетями и благоустройством территории (со сносом жилых домов по адресу: Самаркандский б-р. д.15 к.2 и Самаркандский б-р. д.15 к.3) по адресу: Российская Федерация, город Москва, внутригородская территория муниципальное образование Выхино-Жулебино, Самаркандский бульвар, земельный участок 15/2 (ЮВАО)",в строительстве,ДГП,"ФОНД ""РЕНОВАЦИИ""","ООО ""ГК СУ-555""",30.7.2026,30,21-40,отсутствует,V,,V,,,,,,V,,V,,V,31.03.2026
186,https://dashboard-stroi.mos.ru/dashboard/305,HH5057-10-0001-001,024-0756,"«Жилой дом с инженерными сетями и благоустройством территории (со сносом жилого дома по адресу: улица Василисы Кожиной, дом 8, корпус 1)» по адресу: г. Москва, внутригородское муниципальное образование Филевский Парк, улица Василисы Кожиной, земельный участок 8/1 (Василисы Кожиной ул., вл. 8, корп. 1) (Западный административный округ)",в строительстве,ДГП,"ФОНД ""РЕНОВАЦИИ""","ООО ""ПТС-Р""",30.11.2026,0,0-5,отсутствует,V,,,,,,,,,,V,,V,31.03.2026
187,https://dashboard-stroi.mos.ru/dashboard/306,HH4955-10-0001-001,024-0757,"«Жилой дом с инженерными сетями и благоустройством территории (со сносом жилых домов по адресам: 3-я Филевская улица, дом 8, корпус 1; 3-я Филевская улица, дом 10; Кастанаевская улица, дом 3)» по адресу: г. Москва, внутригородское муниципальное образование Филевский Парк, улица 3-я Филевская, земельный участок 10 (3-я Филевская ул., вл.3) (Западный административный округ)",в строительстве,ДГП,"ФОНД ""РЕНОВАЦИИ""","ООО ""ПТС-Р""",30.11.2026,0,0-5,отсутствует,V,,,,,,,,,,V,,V,31.03.2026
188,https://dashboard-stroi.mos.ru/dashboard/308,HG9882-10-0001-001,022-0471,"«Жилой дом с инженерными сетями и благоустройством территории (со сносом жилых зданий по адресам: г. Москва, район Бабушкинский, ул. Искры, д. 13, корпус 2; д.13, корпус 3) по адресу: Российская Федерация, город Москва, внутригородское муниципальное образование - муниципальный округ Бабушкинский в городе Москве, улица Искры, земельный участок 13А (Северо-Восточный административный округ)»",в строительстве,ДГП,"ФОНД ""РЕНОВАЦИИ""","ООО ""КОНЦЕРН МОНАРХ""",30.10.2026,0,0-5,отсутствует,V,,,,,,,,,,V,,V,31.03.2026
189,https://dashboard-stroi.mos.ru/dashboard/309,TT0000-10-0769-001,023-1064,"«Жилой дом с подземной автостоянкой, инженерными сетями и благоустройством территории по адресу: Российская Федерация, город Москва, внутригородская территория муниципальный округ Зюзино, улица Большая Юшуньская, земельный участок 3А (ЮЗАО)",в строительстве,ДГП,"ФОНД ""РЕНОВАЦИИ""","ООО ""ГП-МФС""",30.12.2026,2,0-5,отсутствует,V,,,,,,,,,,V,,V,31.03.2026
190,https://dashboard-stroi.mos.ru/dashboard/310,HI7711-10-0001-001,023-1065,"«Жилой дом с приспособлением подземной автостоянки под защитное сооружение гражданской обороны – «укрытие» (ЗСГО)1500 мест с инженерными сетями и благоустройством территории по адресу: Российская Федерация, город Москва, внутригородская территория муниципальный округ Зюзино, улица Большая Юшуньская, земельный участок 3А/1 (ЮЗАО)",в строительстве,ДГП,"ФОНД ""РЕНОВАЦИИ""","ООО ""ГП-МФС""",30.12.2026,2,0-5,отсутствует,V,,,,,,,,,,V,,V,31.03.2026
191,https://dashboard-stroi.mos.ru/dashboard/311,HI7607-10-0002-001,023-1066,"«Жилой дом с приспособлением подземной автостоянки под защитное сооружение гражданской обороны – «укрытие» (ЗСГО)1500 мест с инженерными сетями и благоустройством территории по адресу: Российская Федерация, город Москва, внутригородская территория муниципальный округ Зюзино, улица Большая Юшуньская, земельный участок 7А/3 (ЮЗАО)».",в строительстве,ДГП,"ФОНД ""РЕНОВАЦИИ""","ООО ""ГП-МФС""",30.12.2026,3,0-5,отсутствует,V,,,,,,,,,,V,,V,31.03.2026
192,https://dashboard-stroi.mos.ru/dashboard/313,HH2267-99-0001-001,021-0485,"Жилые дома с подземной автостоянкой с инженерными сетями и благоустройством территории (со сносом жилых зданий по адресу: ул. Кубинка, д.16 к.1) по адресу: г. Москва, Можайский район, улица Кубинка, земельный участок 16/1 (ул. Кубинка вл. 16-1), Западный административный округ",в строительстве,ДГП,"ФОНД ""РЕНОВАЦИИ""","ООО ""СТРОЙПРОЕКТ""",30.10.2026,27,21-40,отсутствует,V,,V,,,,,,V,,V,,V,31.03.2026
193,https://dashboard-stroi.mos.ru/dashboard/314,TT0000-99-7806-001,020-0087,"«Жилой дом с инженерными сетями и благоустройством территории с подземным гаражом (со сносом жилого здания по адресу: 2-я Владимирская ул., д.28, к.1) по адресу: г. Москва, внутригородское муниципальное образование Перово, 2-я Владимирская улица, земельный участок 28/30 (2-я Владимирская ул., вл. 28-30) (подзона №1)",в строительстве,ДГП,"ФОНД ""РЕНОВАЦИИ""","ООО ""СТРОЙПРОЕКТ""",30.11.2026,9,6-20,отсутствует,V,,,,,,,,V,,V,,V,31.03.2026
194,https://dashboard-stroi.mos.ru/dashboard/315,IH3448-10-0001-001,021-0466,"«Жилой дом с инженерными сетями и благоустройством территории с подземным гаражом (со сносом жилого здания по адресу: 2-я Владимирская ул., д.30, к.1) по адресу: г. Москва, внутригородское муниципальное образование Перово, 2-я Владимирская улица, земельный участок 28/30 (2-я Владимирская ул., вл. 28-30) (подзона № 2)",в строительстве,ДГП,"ФОНД ""РЕНОВАЦИИ""","ООО ""СТРОЙПРОЕКТ""",30.7.2026,50,41-60,отсутствует,V,,V,,,,,,V,,V,,V,31.03.2026
195,https://dashboard-stroi.mos.ru/dashboard/318,IH2043-10-0001-001,021-0074,"«Жилой дом с инженерными сетями и благоустройством территории (со сносом жилого здания по адресу: пр. Буденного, д.49)», по адресу: г. Москва, внутригородское образование Соколиная гора, проспект Буденного, земельный участок 49 (зона 13.1) (Восточный административный округ)",в строительстве,ДГП,"ФОНД ""РЕНОВАЦИИ""","ООО ""МОСРЕНСТРОЙ-1""",30.10.2026,1,0-5,отсутствует,V,,,,,,,,,,V,,V,31.03.2026
196,https://dashboard-stroi.mos.ru/dashboard/319,IH2496-10-0001-001,024-0068,"Жилой дом с инженерными сетями и благоустройством территории (со сносом жилого здания по адресу: ул. Краснодонская, 49/17) по адресу: г. Москва, внутригородское муниципальное образование Люблино, улица Совхозная, земельный участок 17/49 (Юго-Восточный административный округ)",в строительстве,ДГП,"ФОНД ""РЕНОВАЦИИ""","ООО ""ГП-МФС""",30.11.2026,2,0-5,отсутствует,V,,,,,,,,,,V,,V,19.03.2026
197,https://dashboard-stroi.mos.ru/dashboard/320,IH2596-10-0004-001,024-0067,"Жилой дом с инженерными сетями и благоустройством территории (со сносом жилого здания по адресу: ул. Армавирская, 27/23) по адресу: г. Москва, внутригородское муниципальное образование Люблино, улица Армавирская, земельный участок 27/23 (Юго-Восточный административный округ)",в строительстве,ДГП,"ФОНД ""РЕНОВАЦИИ""","ООО ""ГП-МФС""",30.11.2026,6,6-20,отсутствует,V,,,,,,,,V,,V,,V,19.03.2026
198,https://dashboard-stroi.mos.ru/dashboard/321,TT0000-99-7785-001,020-0022,"""Жилой дом с инженерными сетями и благоустройством территории (со сносом здания по адресу: г. Москва, район Красносельский, ул. Гаврикова, д. 3/1)"" по адресу: г. Москва, район Красносельский, ул. Гаврикова, земельный участок 3 (Центральный административный округ)",в строительстве,ДГП,"ФОНД ""РЕНОВАЦИИ""","ООО ""СР ДЕВЕЛОПМЕНТ""",31.12.2026,0,0-5,отсутствует,V,,,,,,,,,,V,,V,31.03.2026
199,https://dashboard-stroi.mos.ru/dashboard/328,TT0000-99-7960-001,023-0502,"Жилой дом с подземной автостоянкой, инженерными сетями и благоустройством территории (со сносом жилых зданий по адресам: ул. Герасима Курина, д.12, к.1, ул. Герасима Курина, д.12, к.2, ул. Герасима Курина, д.12, к.3, ул. Пивченкова, д.2, ул. Пивченкова, д.4) по адресу: г. Москва, внутригородское муниципальное образование Фили-Давыдково, улица Пивченкова, земельный участок 2 (Западный административный округ)",в строительстве,ДГП,"ФОНД ""РЕНОВАЦИИ""","ООО ""СТРОЙПРОЕКТ""",30.11.2026,0,0-5,отсутствует,V,,,,,,,,,,V,,V,31.03.2026
200,https://dashboard-stroi.mos.ru/dashboard/337,TT0000-10-0793-001,023-0233,"""Жилой дом с инженерными сетями и благоустройством территории (со сносом жилого дома по адресу: пр. Дежнева, д.24) по адресу: г. Москва, внутригородское муниципальное образование Южное Медведково, Дежнева пр-д, вл. 24 (Северо-Восточный административный округ)""",в строительстве,ДГП,"ФОНД ""РЕНОВАЦИИ""","ООО ""ЕВРОМЕТСТРОЙ""",30.07.2026,1,0-5,отсутствует,V,,,,,,,,,,V,,V,31.03.2026
201,https://dashboard-stroi.mos.ru/dashboard/338,TT0000-99-7949-001,021-0021,"«Жилой дом с инженерными сетями и благоустройством территории (со сносом зданий по адресу: ул. Краснодарская, д.16, ул. Краснодонская, д.18/18, ул. Краснодонская, д.20) по адресу: г. Москва, внутригородское муниципальное образование Люблино, улица Краснодонская, земельный участок 18А (улица Краснодарская, земельный участок 18) (ЮВАО)»",в строительстве,ДГП,"ФОНД ""РЕНОВАЦИИ""","ООО ""СТР КОНСТРАКШН""",30.4.2026,83,81-100,отсутствует,V,,V,,,,,,,,V,,V,31.03.2026
202,https://dashboard-stroi.mos.ru/dashboard/339,TT0000-99-7927-001,021-0350,"Жилой дом с приспособлением подземной автостоянки под защитное сооружение гражданской обороны - """"укрытие"""" (ЗСГО) с инженерными сетями и благоустройством территории (со сносом жилых домов по адресам: ул. Прядильная 3-я, д. 4, корп. 2; ул. Прядильная 3-я, д. 4, корп. 3) по адресу: г. Москва, внутригородское муниципальное образование Измайлово, 3-я Прядильная улица, земельный участок 4 (3-я Прядильная улица вл.4) (Восточный административный округ)",в строительстве,ДГП,"ФОНД ""РЕНОВАЦИИ""","ООО ""МЕГАПАРК""",30.12.2026,0,0-5,отсутствует,V,,,,,,,,,,V,,V,31.03.2026
203,https://dashboard-stroi.mos.ru/dashboard/340,TT0000-99-8292-001,022-0392,"""Жилой дом с инженерными сетями и благоустройством территории (со сносом жилого дома по адресу: 2-я улица Синичкина, дом 9) по адресу: г. Москва, район Лефортово, улица 2-я Синичкина, земельный участок 9 (ул. 2-я Синичкина, вл. 9)""(ЮВАО)",в строительстве,ДГП,"ФОНД ""РЕНОВАЦИИ""","ООО ""ЭНЕРГОЭФФЕКТИВНЫЕ ТЕХНОЛОГИИ""",30.11.2026,3,0-5,отсутствует,V,,,,,,,,V,,V,,V,31.03.2026
204,https://dashboard-stroi.mos.ru/dashboard/341,TT0000-99-8289-001,022-0381,"«Жилой дом с инженерными сетями и благоустройством территории» по адресу: г. Москва, внутригородское муниципальное образование Южнопортовое, 5-я Кожуховская улица, земельный участок 33 (ул. 5-я Кожуховская, вл. 33) (Юго-Восточный административный округ города Москвы)",в строительстве,ДГП,"ФОНД ""РЕНОВАЦИИ""","ООО ""БРАТКОМ-ГРУПП""",28.4.2026,3,0-5,отсутствует,V,,,,,,,,V,,V,,V,31.03.2026
205,https://dashboard-stroi.mos.ru/dashboard/342,IH6108-99-0001-001,022-0687,"«Жилой дом с инженерными сетями, подземной автостоянкой и благоустройством территории (со сносом жилого дома по адресу: ул.9 Мая, д. 24) по адресу: г. Москва, внутригородское муниципальное образование Восточное, 9 Мая ул., вл. 24 (Восточный административный округ)»",в строительстве,ДГП,"ФОНД ""РЕНОВАЦИИ""","АО ""Москапстрой""",30.11.2026,10,6-20,отсутствует,V,,,,,,,,V,,V,,V,31.03.2026
206,https://dashboard-stroi.mos.ru/dashboard/343,HH1566-10-0001-001,023-0219,"Участие в долевом строительстве многоквартирного дома, предназначенного для переселения граждан при реализации Программы реновации жилищного фонда в городе Москве по адресу: г. Москва, Можайский район, Горбунова ул., влд. 27, стр. 1, корп. 2 (ЗАО)",в строительстве,ДГП,"ООО ""СЗ ГермесСтрой""","ООО ""СЗ ГермесСтрой""",31.10.2026,7,6-20,отсутствует,V,,,,,,,,V,,V,,V,31.03.2026
207,https://dashboard-stroi.mos.ru/dashboard/345,HI1316-10-0001-001,021-0046,"Жилой дом с инженерными сетями и благоустройством территории по адресу: г. Москва, внутригородское муниципальное образование Солнцево, улица Родниковая, земельный участок 6/1 (Западный административный округ)",в строительстве,ДГП,"ФОНД ""РЕНОВАЦИИ""","ООО ""РЕГИОНЖИЛСТРОЙ""",30.09.2026,1,0-5,отсутствует,V,,,,,,,,,,V,,V,31.03.2026
208,https://dashboard-stroi.mos.ru/dashboard/346,HH7889-10-0002-001,023-0506,"Жилой дом с инженерными сетями и благоустройством территории (со сносом жилых зданий по адресам: ул. Винокурова д. 24 корп.1; ул. Винокурова д. 24 корп. 2; ул. Винокурова д. 22 корп.2) по адресу: г. Москва, внутригородское муниципальное образование Котловка, Винокурова улица, земельный участок 22/1 (зона 2.1) (Юго-Западный административный округ)",в строительстве,ДГП,"ФОНД ""РЕНОВАЦИИ""","АО ""ГК ЕКС""",30.9.2026,1,0-5,отсутствует,V,,,,,,,,,,V,,V,31.03.2026
209,https://dashboard-stroi.mos.ru/dashboard/349,HH6797-10-0004-001,023-1150,"Жилой дом с подземной автостоянкой, инженерными сетями и благоустройством территории (со сносом жилых зданий по адресу: ул. Гарибальди д.25 к.2, ул. Гарибальди д.25 к.3, ул. Гарибальди д.27 к.1) по адресу: г. Москва, внутригородское муниципальное образование Черемушки, улица Гарибальди, земельный участок 25, зона 6.9, ЮЗАО",в строительстве,ДГП,"ФОНД ""РЕНОВАЦИИ""","ООО ""КОНЦЕРН МОНАРХ""",30.11.2026,1,0-5,отсутствует,V,,,,,,,,,,V,,V,31.03.2026
210,https://dashboard-stroi.mos.ru/dashboard/350,HH6015-10-0001-001,024-0763,"Жилой дом с инженерными сетями и благоустройством территории по адресу: г. Москва, внутригородское муниципальное образование Аэропорт, Часовая улица, земельный участок 4 (Часовая ул., вл. 4) (Северный административный округ)",в строительстве,ДГП,"ФОНД ""РЕНОВАЦИИ""","ООО ""ДАРС-РЕНОВАЦИЯ""",30.11.2026,3,0-5,отсутствует,V,,,,,,,,V,,V,,V,31.03.2026
211,https://dashboard-stroi.mos.ru/dashboard/351,II0252-10-0001-001,024-0786,"""Жилой дом с инженерными сетями и благоустройством территории (со сносом жилых домов по адресам: поселок Загорье, дом 8; поселок Загорье дом 9)"" по адресу: г. Москва, внутригородское муниципальное образование Бирюлёво Восточное, улица Загорьевская, земельный участок 2/5 (Южный административный округ)",в строительстве,ДГП,"ФОНД ""РЕНОВАЦИИ""","АО ""ГК ЕКС""",30.12.2026,3,0-5,отсутствует,V,,,,,,,,V,,V,,V,31.03.2026
212,https://dashboard-stroi.mos.ru/dashboard/352,TT0000-10-0737-001,022-0647,"«Жилой дом с подземной автостоянкой, с инженерными сетями и благоустройством территории (со сносом жилых домов по адресам: ул. Вяземская, д. 9, корп.1; ул. Вяземская, д. 9, корп.2) по адресу: г. Москва, район Можайский, Вяземская ул., вл. 9, корп. 1, 2 (Западный административный округ)»",в строительстве,ДГП,"ФОНД ""РЕНОВАЦИИ""","ООО ""МЕГАПАРК""",30.10.2026,0,0-5,отсутствует,V,,,,,,,,,,V,,V,31.03.2026
213,https://dashboard-stroi.mos.ru/dashboard/353,HH2867-10-0001-001,022-0454,"«Жилой дом с инженерными сетями и благоустройством территории (со сносом жилых зданий по адресам: Можайское шоссе, д.19, ул. Петра Алексеева, д.3) по адресу: г. Москва, внутригородское муниципальное образование Можайское, улица Петра Алексеева, земельный участок 3 (зоны 6.1 и 6.2)",в строительстве,ДГП,"ФОНД ""РЕНОВАЦИИ""","ООО ""СТРОЙПРОЕКТ""",30.11.2026,0,0-5,отсутствует,V,,,,,,,,,,V,,V,31.03.2026
214,https://dashboard-stroi.mos.ru/dashboard/354,TT0000-99-7759-001,021-0766,"Жилой дом с инженерными сетями и благоустройством территории (со сносом многоквартирных жилых домов по адресам: Варшавское шоссе, д.90, к.1; д.92) по адресу: г. Москва, внутригородское муниципальное образование Нагорное, Варшавское шоссе, земельный участок 90/1 (участок 5.1) (Южный административный округ)",в строительстве,ДГП,"ФОНД ""РЕНОВАЦИИ""","ООО ""ДАРС-РЕНОВАЦИЯ""",30.11.2026,14,6-20,отсутствует,V,,,,,,,,V,"02.04.2026
Бетон",V,,V,31.03.2026
215,https://dashboard-stroi.mos.ru/dashboard/357,TT0000-99-7800-001,020-0073,"Жилой дом с инженерными сетями и благоустройством территории (со сносом жилого здания по адресу: Никитинская ул., д. 21, корп. 1) по адресу: г. Москва, внутригородское муниципальное образование Измайлово, Никитинская улица, земельный участок 19А (Никитинская улица, земельный участок 19/1/2) (Восточный административный округ)",в строительстве,ДГП,"ФОНД ""РЕНОВАЦИИ""","ООО ""МЕГАПАРК""",30.11.2026,1,0-5,отсутствует,V,,,,,,,,,,V,,V,31.03.2026
216,https://dashboard-stroi.mos.ru/dashboard/358,TT0000-99-7811-001,020-0093,"Жилой дом с инженерными сетями и благоустройством территории (со сносом жилых зданий по адресам: Каширское шоссе, д. 9, корп. 2; Каширское шоссе, д. 9, корп. 3; Каширское шоссе, д. 11, корп. 2) по адресу: г.Москва, район Нагатино-Садовники, Каширское ш., земельный участок 9/2 (Каширское ш., вл.9, к.2.) (Южный административный округ)",в строительстве,ДГП,"ФОНД ""РЕНОВАЦИИ""","ООО ""СК Стройдемсервис""",30.7.2026,0,0-5,отсутствует,V,,,,,,,,,,V,,V,31.03.2026
217,https://dashboard-stroi.mos.ru/dashboard/359,TT0000-99-7862-001,020-0459,"""Жилой дом с инженерными сетями и благоустройством территории (со сносом нежилых зданий по адресам: Варшавское шоссе, д.8А; Варшавское шоссе, д.10А) по адресу: г. Москва, внутригородское муниципальное образование Донское, Варшавское шоссе, земельный участок 8/10 (Варшавское шоссе, вл.8А-10А) (Южный административный округ)""",в строительстве,ДГП,"ФОНД ""РЕНОВАЦИИ""","ООО ""СТК КЛАДЕЗЬ""",30.11.2026,20,6-20,отсутствует,V,,,,,,,,V,,V,,V,31.03.2026
218,https://dashboard-stroi.mos.ru/dashboard/360,TT0000-99-7913-001,021-0026,"«Жилой дом с инженерными сетями и благоустройством территории (со сносом зданий по адресам: ул. Судакова, д. 3, ул. Судакова, д. 5, ул. Судакова, д. 7) по адресу: г. Москва, внутригородское муниципальное образование Люблино, ул. Судакова, земельный участок 5 (Судакова ул., влд. 5) (Юго-Восточный административный округ)».",в строительстве,ДГП,"ФОНД ""РЕНОВАЦИИ""","ООО ""СПЕЦЭКОСЕРВИС""",30.7.2026,40,21-40,отсутствует,V,,V,,,,,,V,,V,,V,31.03.2026
219,https://dashboard-stroi.mos.ru/dashboard/362,TT0000-99-7964-003,022-0181,"«Жилой дом с приспособлением подземной автостоянки под защитное сооружение гражданской обороны – «укрытие» (ЗСГО), с инженерными сетями и благоустройством территории» по адресу: город Москва, внутригородское муниципальное образование Перово, ул. Плющева, земельный участок 9А (Восточный административный округ)",в строительстве,ДГП,"ФОНД ""РЕНОВАЦИИ""","ООО ""СТРОЙПРОЕКТ""",30.11.2026,3,0-5,отсутствует,V,,,,,,,,V,,V,,V,31.03.2026
220,https://dashboard-stroi.mos.ru/dashboard/363,TT0000-99-8298-001,022-0395,"""Жилой дом с подземной автостоянкой, с инженерными сетями и благоустройством территории по адресу: г. Москва, внутригородское муниципальное образование Таганское, улица Нижегородская, земельный участок 18 (Центральный административный округ)""",в строительстве,ДГП,"ФОНД ""РЕНОВАЦИИ""","ООО ""Регион""",30.6.2026,0,0-5,отсутствует,V,,,,,,,,,,V,,V,31.03.2026
221,https://dashboard-stroi.mos.ru/dashboard/365,TT0000-99-8300-001,022-0389,"Жилой дом с инженерными сетями и благоустройством территории (со сносом жилых домов по адресам: ул. Синичкина 2-я, д. 15; ул. Синичкина 2-я, д. 17) по адресу: г. Москва, внутригородское муниципальное образование Лефортово, ул. Синичкина 2-я, уч. Владение 15, ул. Синичкина 2-я, уч. Владение 17 (ул. 2-я Синичкина, вл. 15, 17) (ЮВАО)",в строительстве,ДГП,"ФОНД ""РЕНОВАЦИИ""","ООО ""А1""",30.12.2026,3,0-5,отсутствует,V,,,,,,,,V,,V,,V,31.03.2026
222,https://dashboard-stroi.mos.ru/dashboard/370,TT0000-10-0796-001,023-0232,"""Жилой дом с инженерными сетями и благоустройством территории (со сносом многоквартирного жилого дома по адресу: ул. Годовикова, д7) по адресу: г. Москва, внутригородское муниципальное образование Останкинское, ул. Годовикова, земельный участок 7 (Годовикова ул., вл.7) (Северо-Восточный административный округ)""",в строительстве,ДГП,"ФОНД ""РЕНОВАЦИИ""","АО ""615 СУ""",30.10.2026,12,6-20,отсутствует,V,,,,,,,,V,,V,,V,31.03.2026
223,https://dashboard-stroi.mos.ru/dashboard/371,TT0000-10-0795-001,023-0234,"""Жилой дом с инженерными сетями и благоустройством территории (со сносом жилого дома по адресу: пр. Дежнева, д.20) по адресу: г. Москва, внутригородское муниципальное образование Южное Медведково, проезд Дежнева, земельный участок 20 (Дежнева пр-д, вл. 20) Северо-Восточный административный округ""",в строительстве,ДГП,"ФОНД ""РЕНОВАЦИИ""","ООО ""ЕВРОМЕТСТРОЙ""",30.7.2026,1,0-5,отсутствует,V,,,,,,,,,,V,,V,31.03.2026
224,https://dashboard-stroi.mos.ru/dashboard/373,II1300-10-0001-001,022-0378,"Приобретение будущих объектов недвижимости, создаваемых в многоквартирном доме в целях реализации Программы реновации жилищного фонда в городе Москве по адресу: г. Москва, внутригородское муниципальное образование Печатники, Шоссейная ул., вл. 90, ЮВАО",в строительстве,ДГП,"ООО ""СЗ Москапстрой""","ООО ""СЗ Москапстрой""",30.12.2026,0,0-5,отсутствует,V,,,,,,,,,,V,,V,31.03.2026
225,https://dashboard-stroi.mos.ru/dashboard/374,TT0000-99-8299-001,022-0387,"Жилой дом с инженерными сетями и благоустройством территории (со сносом жилых домов по адресу: г. Москва, Авиамоторная улица, дом 21, дом 23) по адресу: г. Москва, внутригородское муниципальное образование Лефортово, улица Авиамоторная, земельный участок 21/23 (ул. Авиамоторная, вл. 21, 23) (Юго-Восточный административный округ)",в строительстве,ДГП,"ФОНД ""РЕНОВАЦИИ""","ООО ""СЗ РеновАСТ""",30.9.2026,2,0-5,отсутствует,V,,,,,,,,,,V,,V,31.03.2026
226,https://dashboard-stroi.mos.ru/dashboard/378,TT0000-10-0792-001,023-0236,"Жилой дом с приспособлением подземной автостоянки под защитное сооружение гражданской обороны – «укрытие» (ЗСГО), с инженерными сетями и благоустройством территории» (со сносом жилых зданий по адресу: ул. Пржевальского, д.14/16, ул. Пржевальского, д.12, ул. Пржевальского, д.10А) по адресу: г. Москва, внутригородское муниципальное образование Очаково-Матвеевское, улица Пржевальского, земельный участок 12 (Западный административный округ)",в строительстве,ДГП,"ФОНД ""РЕНОВАЦИИ""","ООО ""СТРОЙПРОЕКТ""",30.11.2026,0,0-5,отсутствует,V,,,,,,,,,,V,,V,31.03.2026
227,https://dashboard-stroi.mos.ru/dashboard/379,HH7294-10-0001-001,022-0441,"""Жилой дом с приспособлением подземной автостоянки под защитное сооружение гражданской обороны ""укрытие"" (ЗСГО) и размещением на кровле электросирены региональной системы оповещения, с инженерными сетями и благоустройством территории (со сносом жилых зданий по адресам: ул. Новочеремушкинская, д. 39, к. 1; ул. Новочеремушкинская, д. 39, к. 2; ул. Новочеремушкиская, д. 41, к. 1; ул. Новочеремушкинская, д. 41, к. 2; ул. Кржижановского, д. 32; ул. Кржижановского, д. 34)"" поадресу: квартал 9 района Академический, зона № 2.1 (Юго-Западный административный округ)",в строительстве,ДГП,"ФОНД ""РЕНОВАЦИИ""","ООО ""РЕГИОНЖИЛСТРОЙ""",30.11.2026,26,21-40,отсутствует,V,,V,,,,,,V,,V,,V,31.03.2026
228,https://dashboard-stroi.mos.ru/dashboard/382,TT0000-10-0816-001,023-0125,"Жилой дом с приспособлением подземной автостоянки под защитное сооружение гражданской обороны – «укрытие» (ЗСГО) с инженерными сетями и благоустройством территории (со сносом жилого здания по адресу: ул. Изумрудная, д. 12) по адресу: г. Москва, внутригородское муниципальное образование Лосиноостровское, Изумрудная улица, земельный участок 12А (Северо-Восточный административный округ)",в строительстве,ДГП,"ФОНД ""РЕНОВАЦИИ""","ООО ""МОСРЕНСТРОЙ-6""",30.8.2026,4,0-5,отсутствует,V,,,,,,,,V,"03.04.2026
Бетон",V,,V,31.03.2026
229,https://dashboard-stroi.mos.ru/dashboard/384,HG5796-10-0003-001,024-0761,"«Жилой дом с инженерными сетями и благоустройством территории (со сносом жилого дома по адресу: Коптевская улица, дом 36)» по адресу: г. Москва, внутригородское муниципальное образование Коптево, улица Коптевская, земельный участок 36 (Коптевская ул., вл. 36) (Северный административный округ)",в строительстве,ДГП,"ФОНД ""РЕНОВАЦИИ""","ООО ""ДАРС-РЕНОВАЦИЯ""",31.12.2026,0,0-5,отсутствует,V,,,,,,,,,,V,,V,31.03.2026
230,https://dashboard-stroi.mos.ru/dashboard/386,HG6183-10-0001-001,024-0764,"«Жилой дом с инженерными сетями и благоустройством территории» по адресу: г. Москва, внутригородское муниципальное образование Западное Дегунино, улица Пяловская, земельный участок 5А (Пяловская ул., вл. 5А) (Северный административный округ)",в строительстве,ДГП,"ФОНД ""РЕНОВАЦИИ""","ООО ""ДАРС-РЕНОВАЦИЯ""",31.10.2026,1,0-5,отсутствует,V,,,,,,,,,,V,,V,06.04.2026
231,https://dashboard-stroi.mos.ru/dashboard/387,TT0000-99-7804-001,020-0085,"""Жилой дом с приспособлением подземной автостоянки под укрытие - 500 мест для обеспечения защиты населения в период чрезвычайных ситуаций (ЗСГО), с инженерными сетями и благоустройством территории (со сносом жилых зданий по адресам: ул. Камова, д.1; ул. Камова, д.5; ул. Камова, д.3; ул. Камова, д.5а; ул. Камова, д. 7) по адресу: г. Москва, внутригородское муниципальное образование Косино-Ухтомский, ул. Камова, земельный участок 1 (Восточный административный округ)""",в строительстве,ДГП,"ФОНД ""РЕНОВАЦИИ""","ООО ""МАГИСТРАЛЬ""",30.09.2026,3,0-5,отсутствует,V,,,,,,,,V,,V,,V,03.04.2026
232,https://dashboard-stroi.mos.ru/dashboard/400,HH5100-10-0003-001,024-0762,"«Жилой дом с инженерными сетями и благоустройством территории (со сносом жилых домов по адресам: Нарвская улица, дом 1; Нарвская улица, дом 3)» по адресу: г. Москва, внутригородское муниципальное образование Войковское, улица Нарвская, земельный участок 1 (Нарвская ул., вл. 1-3) (Северный административный округ)",в строительстве,ДГП,"ФОНД ""РЕНОВАЦИИ""","ООО ""ДАРС-РЕНОВАЦИЯ""",31.8.2026,0,0-5,отсутствует,V,,,,,,,,,,V,,V,06.04.2026
233,https://dashboard-stroi.mos.ru/dashboard/404,TT0000-99-7764-001,021-0767,"Жилой дом с приспособлением подземной автостоянки под защитное сооружение гражданской обороны – «укрытие» (ЗСГО), с инженерными сетями и благоустройством территории (со сносом многоквартирных жилых домов по адресам: Варшавское шоссе, д. 88; Артековская ул., д.7 к.5; д.7 к.6) по адресу: г. Москва, внутригородское муниципальное образование Нагорное, улица Артековская, земельный участок 7/6 (зона 2.4) (Южный административный округ)",в строительстве,ДГП,"ФОНД ""РЕНОВАЦИИ""","ООО ""ДАРС-РЕНОВАЦИЯ""",30.11.2026,12,6-20,отсутствует,V,,,,,,,,V,,V,,V,06.04.2026
234,https://dashboard-stroi.mos.ru/dashboard/405,GG5213-10-0001-001,021-0138,"«Жилой дом с инженерными сетями и благоустройством территории (со сносом жилых зданий по адресам: ул. Заводская, д.2; ул. Заводская, д.4; ул. Заводская, д.6, ул. Заводская, д.4А) по адресу: г. Москва, внутригородское муниципальное образование Крюково, улица Заводская, земельный участок 2 (Зеленоградский административный округ)",в строительстве,ДГП,"ФОНД ""РЕНОВАЦИИ""","ООО ""АЛЬТСТРОЙ""",30.11.2026,0,0-5,отсутствует,V,,,,,,,,,,V,,V,06.04.2026
235,https://dashboard-stroi.mos.ru/dashboard/411,IG0576-10-0003-001,023-0123,"Жилой дом с приспособлением подземной автостоянки под защитное сооружение гражданской обороны _ «укрытие» (ЗСГО) с инженерными сетями и благоустройством территории (со сносом жилого здания по адресу: ул. Изумрудная, 28, к. 2) по адресу: r. Москва, внутригородское муниципальное образование Лосиноостровское, Изумрудная улица, земельный участок 28А (Зона 3.3) (Северо-Восточный административный округ)»",в строительстве,ДГП,"ФОНД ""РЕНОВАЦИИ""","ООО ""МОСРЕНСТРОЙ-6""",30.10.2026,2,0-5,отсутствует,V,,,,,,,,,,V,,V,06.04.2026
236,https://dashboard-stroi.mos.ru/dashboard/414,IH1445-10-0001-001,022-0385,"«Жилой дом с инженерными сетями и благоустройством территории (со сносом жилого дома по адресу: ул. Авиамоторная, д. 27) по адресу: г. Москва, внутригородское муниципальное образование Лефортово, улица Авиамоторная, земельный участок 27 (ул. Авиамоторная, вл. 27) (Юго-Восточный административный округ)»",в строительстве,ДГП,"ФОНД ""РЕНОВАЦИИ""","ООО ""АСГ ТЕХНО СТРОЙ""",29.7.2026,0,0-5,отсутствует,V,,,,,,,,,,V,,V,06.04.2026
237,https://dashboard-stroi.mos.ru/dashboard/418,TT0000-10-0808-001,023-0227,"""Жилой дом с инженерными сетями и благоустройством территории"" по адресу: г. Москва, внутригородское муниципальное образование Богородское, Бойцовая улица, земельный участок 13/1 (Бойцовая ул., вл. 13, стр. 1) (Восточный административный округ)""",в строительстве,ДГП,"ФОНД ""РЕНОВАЦИИ""","ООО ""СЗ БОГОРОДСКАЯ""",30.10.2026,0,0-5,отсутствует,V,,,,,,,,,,V,,V,06.04.2026
238,https://dashboard-stroi.mos.ru/dashboard/428,IG0374-10-0001-001,022-0457,"«Жилой дом с приспособлением подземной автостоянки под защитное сооружение гражданской обороны – «укрытие» (ЗСГО) с инженерными сетями и благоустройством территории (со сносом жилых зданий по адресам: ул. Лётчика Бабушкина, дом 41, к.1, дом 43) по адресу: Российская Федерация, город Москва, внутригородская территория муниципальный округ Бабушкинский, улица Лётчика Бабушкина, земельный участок 41А (Северо-Восточный административный округ)»",в строительстве,ДГП,"ФОНД ""РЕНОВАЦИИ""","ООО ""КОНЦЕРН МОНАРХ""",30.10.2026,0,0-5,отсутствует,V,,,,,,,,,,V,,V,07.04.2026
239,https://dashboard-stroi.mos.ru/dashboard/429,HG9884-10-0001-001,023-0129,"«Жилой дом с приспособлением подземной автостоянки под защитное сооружение гражданской обороны – «укрытие» (ЗСГО) с инженерными сетями и благоустройством территории (со сносом жилого здания по адресу: г. Москва, район Бабушкинский, улица Радужная, д.17) по адресу: г. Москва, внутригородское муниципальное образование Бабушкинское, Радужная улица, земельный участок 17 (Северо-Восточный административный округ)»",в строительстве,ДГП,"ФОНД ""РЕНОВАЦИИ""","ООО ""КОНЦЕРН МОНАРХ""",30.10.2026,0,0-5,отсутствует,V,,,,,,,,,,V,,V,07.04.2026
240,https://dashboard-stroi.mos.ru/dashboard/431,IH2856-10-0001-001,024-0174,"«Жилой дом с инженерными сетями и благоустройством территории (со сносом жилого здания по адресу: ул. Плющева, д.17, к.3)» по адресу: г. Москва, внутригородское муниципальное образование Перово, улица Плющева, земельный участок 17/3 (Восточный административный округ)",в строительстве,ДГП,"ФОНД ""РЕНОВАЦИИ""","ООО ""МЕГАПАРК""",30.11.2026,0,0-5,отсутствует,V,,,,,,,,,,V,,V,07.04.2026
241,https://dashboard-stroi.mos.ru/dashboard/433,IG0775-10-0001-001,023-0126,"Жилой дом с инженерными сетями и благоустройством территории (со сносом жилых зданий по адресам: ул. Минусинская, д. 10, ул. Минусинская, д. 12, ул. Минусинская, д. 14)» по адресу: г. Москва, внутригородское муниципальное образование Лосиноостровское, Минусинская улица, земельный участок 14А (ул. Минусинская, вл. 12-14) (Северо-Восточный административный округ)",в строительстве,ДГП,"ФОНД ""РЕНОВАЦИИ""","ООО ""МОСРЕНСТРОЙ-6""",30.10.2026,4,0-5,отсутствует,V,,,,,,,,V,,V,,V,07.04.2026
242,https://dashboard-stroi.mos.ru/dashboard/435,TT0000-99-7964-002,021-0531,"""Жилой дом с инженерными сетями и благоустройством территории"" по адресу: г. Москва, внутригородское муниципальное образование Даниловское, улица Дербеневская, земельный участок 22/1 (Южный административный округ)",в строительстве,ДГП,"ФОНД ""РЕНОВАЦИИ""","ООО ""СР ДЕВЕЛОПМЕНТ""",30.11.2026,0,0-5,отсутствует,V,,,,,,,,,,V,,V,07.04.2026
243,https://dashboard-stroi.mos.ru/dashboard/437,TT0000-10-0797-001,023-0226,"«Жилой дом с инженерными сетями и благоустройством территории (со сносом многоквартирных жилых домов по адресам: ул. Годовикова, д12, к.1; д12, к2) по адресу: г. Москва, внутригородское муниципальное образование Останкинское, ул. Годовикова, земельный участок 12 (Годовикова ул., вл.12, корп. 1,2), Северо-Восточный административный округ»",в строительстве,ДГП,"ФОНД ""РЕНОВАЦИИ""","ООО ""ПСК СТРОЙМОНОЛИТ""",31.8.2026,3,0-5,отсутствует,V,,,,,,,,V,,V,,V,07.04.2026
244,https://dashboard-stroi.mos.ru/dashboard/447,II0124-10-0001-001,023-1128,"""Жилой дом с инженерными сетями и благоустройством территории (со сносом нежилого здания по адресу: улица Каспийская, дом 24, корпус 4)"" по адресу: г. Москва, внутригородское муниципальное образование Царицыно, улица Каспийская, земельный участок 24/4/1 (Каспийская ул., вл. 24, корп. 4) (Южный административный округ)""",в строительстве,ДГП,"ФОНД ""РЕНОВАЦИИ""","АО ""ГК ЕКС""",30.11.2026,1,0-5,отсутствует,V,,,,,,,,,,V,,V,06.04.2026
245,https://dashboard-stroi.mos.ru/dashboard/448,TT0000-99-7973-002,023-1035,"Жилой дом с инженерными сетями и благоустройством территории (со сносом жилых зданий по адресам: ул. Криворожская, д.1, ул. Криворожская, д.3, ул. Криворожская, д.5) по адресу: г. Москва, внутригородское муниципальное образование Нагорное, улица Криворожская, земельный участок 1/3/5 (участок 5.1)(Южный административный округ)",в строительстве,ДГП,"ФОНД ""РЕНОВАЦИИ""","ООО ""ДАРС-РЕНОВАЦИЯ""",30.11.2026,1,0-5,отсутствует,V,,,,,,,,,,V,,V,06.04.2026
246,https://dashboard-stroi.mos.ru/dashboard/449,IH3220-99-0001-001,020-0062,"Жилые дома с приспособлением подземной автостоянки под защитное сооружение гражданской обороны - ""укрытие"" (ЗСГО), с инженерными сетями и благоустройством территории (со сносом жилых домов по адресам: 3-я Прядильная ул., д. 13, к. 1; д. 13, к. 2; д. 13, к. 3; д. 11; ул. Никитинская, д. 8, к. 1; д. 8, к. 2) по адресу: г. Москва, внутригородское муниципальное образование Измайлово, 3-я Прядильная ул., земельный участок 13 (3-я Прядильная ул., вл. 13), Восточный административный округ",в строительстве,ДГП,"ФОНД ""РЕНОВАЦИИ""","ООО ""МЕГАПАРК""",30.12.2026,0,0-5,отсутствует,V,,,,,,,,,,V,,V,06.04.2026
247,https://dashboard-stroi.mos.ru/dashboard/451,HI9012-10-0002-001,024-0233,"""Жилой дом с инженерными сетями и благоустройством территории"" по адресу: г. Москва, внутригородское муниципальное образование Москворечье-Сабурово, переулок 2-й Котляковский, земельный участок 5 (2-й Котляковский переулок, з/у 5/1, 6А) (Южный административный округ)",в строительстве,ДГП,"ФОНД ""РЕНОВАЦИИ""","АО ""ГК ЕКС""",30.11.2026,0,0-5,отсутствует,V,,,,,,,,,,V,,V,06.04.2026
248,https://dashboard-stroi.mos.ru/dashboard/452,IH2241-10-0001-001,021-0058,"«Жилой дом с подземной автостоянкой, инженерными сетями и благоустройством территории (со сносом жилого здания, по адресу: 5-я ул. Соколиной Горы, д.20, к.1)», по адресу: г. Москва, внутригородское муниципальное образование Соколиная Гора, 5-я улица Соколиной Горы, земельный участок 20/1 (зона 7.1) (Восточный административный округ)",в строительстве,ДГП,"ФОНД ""РЕНОВАЦИИ""","ООО ""МОСРЕНСТРОЙ-1""",30.11.2026,0,0-5,отсутствует,V,,,,,,,,,,V,,V,06.04.2026
249,https://dashboard-stroi.mos.ru/dashboard/466,IH1406-10-0001-001,022-0476,"Жилой дом с подземной автостоянкой с приспособлением под защитное сооружение гражданской обороны – «укрытие» (ЗСГО) вместимостью 1300 мест, со встроенно-пристроенными нежилыми этажами, инженерными сетями, благоустройством территории (со сносом жилого здания по адресу: ул. Ивантеевская, д.1к3) по адресу: г. Москва, внутригородское муниципальное образование Богородское, улица Ивантеевская, земельный участок 1/3 (зона 2.1)",в строительстве,ДГП,"ФОНД ""РЕНОВАЦИИ""","ООО ""УЭЗ-СТРОЙ""",30.10.2026,0,0-5,отсутствует,V,,,,,,,,,,V,,V,06.04.2026
250,https://dashboard-stroi.mos.ru/dashboard/486,HI0210-08-0003-001,017-0339,"Школа на 550 мест, р-н Ново-Переделкино, мкр. 14, к. 20",в строительстве,ДГС,"""КП УГС""","ООО ""МОНТЕРРАСТРОЙ""",30.04.2026,99,81-100,Апрель 2026,V,,,,,,,,,,V,,V,09.04.2026
251,https://dashboard-stroi.mos.ru/dashboard/497,TT0000-99-3082-001,019-0429,"Учебный корпус на 550 мест с дошкольным отделением на 225 мест, р-н Косино-Ухтомский, ул. Салтыковская",в строительстве,ДГС,"АНО ""РСИ""","ООО ""АЛЬФА-ГРУПП ДЕВЕЛОПМЕНТ""",30.3.2026,93,81-100,Март 2026,V,,V,,,,,,,,V,,V,09.04.2026
252,https://dashboard-stroi.mos.ru/dashboard/498,TT0000-99-0941-001,019-0430,"Школа на 1150 мест, р-н Лефортово, ул. Золоторожский Вал, влд. 11 (проектирование и завершение строительства)",в строительстве,ДГС,"АНО ""РСИ""","ООО ""ГК СУ-555""",30.12.2026,46,41-60,Декабрь 2026,V,,V,,,,,,V,,V,,V,09.04.2026
253,https://dashboard-stroi.mos.ru/dashboard/506,TT0000-99-6716-001,020-0151,"ДОУ на 320 мест, р-н Бирюлево Восточное, 
 ул. 6-я Радиальная, влд. 7(проектирование и завершение строительства)",в строительстве,ДГС,"АНО ""РСИ""","ООО ""ГП-МФС""",31.08.2026,42,41-60,Август 2026,V,,V,,,,,,,,V,,V,09.04.2026
254,https://dashboard-stroi.mos.ru/dashboard/508,TT0000-99-3286-001,020-0156,"Школа на 825 мест, р-н Бирюлево Восточное, ул. 6-я Радиальная, влд. 7, участок 20",в строительстве,ДГС,"АНО ""РСИ""","ООО ""ГП-МФС""",31.08.2026,39,21-40,Август 2026,V,,V,,,,,,V,,V,,V,09.04.2026
255,https://dashboard-stroi.mos.ru/dashboard/516,TT0000-99-4580-001,020-0683,"Учебный корпус на 300 мест по адресу: ул. Соколово-Мещерская, д. 2, к. 2, стр. 1 на месте сноса объекта незавершенного строительства (проектирование и завершение строительства)",в строительстве,ДГС,"АНО ""РСИ""","ООО ""МОНОТЕК СТРОЙ""",31.07.2026,66,61-80,Июль 2026,V,,V,,,,,,V,,V,,V,09.04.2026
256,https://dashboard-stroi.mos.ru/dashboard/517,HH3731-99-0001-001,020-0711,"Учебный корпус на 400 мест на месте сноса неиспользуемого здания ДОУ, р-н Хорошево-Мневники, ул. Генерала Глаголева, д. 5, к. 3 (проектирование и завершение строительства)",в строительстве,ДГС,"АНО ""РСИ""","АО ""ГК ЕКС""",29.05.2026,84,81-100,Май 2026,V,,V,,,,,,,,V,,V,09.04.2026
257,https://dashboard-stroi.mos.ru/dashboard/519,TT0000-99-3643-001,020-0776,ДОУ на 150 мест по адресу: пересечение ул. Минской с Киевским направлением Московской железной дороги в пойме р. Раменки (проектирование и завершение строительства),в строительстве,ДГС,"АНО ""РСИ""","ООО ""ГЛАВКАПСТРОЙ""",29.05.2026,57,41-60,Май 2026,V,,V,,,,,,V,,V,,V,16.03.2026
258,https://dashboard-stroi.mos.ru/dashboard/520,HH0385-04-0001-001,021-0336,ММК - Здание Апарт-отеля для участников ММК,в строительстве,ДГС,"ФОНД ""ММК""","ООО ""МОНОТЕК СТРОЙ""",31.03.2026,99,81-100,Март 2026,V,,,,,,,,,,V,,V,09.04.2026
259,https://dashboard-stroi.mos.ru/dashboard/521,TT0000-05-0043-001,021-0337,ММК - Амбулаторно-стационарный корпус МГОБ № 62 (ММЦ),в строительстве,ДГС,"ФОНД ""ММК""","ООО ""МОНОТЕК СТРОЙ""",30.03.2026,98,81-100,Март 2026,V,,,,,,,,,,V,,V,09.04.2026
260,https://dashboard-stroi.mos.ru/dashboard/525,TT0000-99-8066-001,021-0550,"Здание дошкольных групп на 225 мест на месте сноса здания, р-н Пресненский, Стрельбищенский пер., влд. 14 (проектирование и завершение строительства)",в строительстве,ДГС,"АНО ""РСИ""","АО ""ГК ЕКС""",29.05.2026,90,81-100,Май 2026,V,,V,,,,,,,,V,,V,09.04.2026
261,https://dashboard-stroi.mos.ru/dashboard/526,TT0000-99-7975-001,021-0781,"Здание образовательной организации на 525 мест (350 школьных и 175 дошкольных), р-н Соколиная Гора, пр-кт Буденного, влд. 51",в строительстве,ДГС,"АНО ""РСИ""","ООО ""АЛЬФА-ГРУПП ДЕВЕЛОПМЕНТ""",31.12.2026,29,21-40,Декабрь 2026,V,,V,,,,,,V,,V,,V,09.04.2026
262,https://dashboard-stroi.mos.ru/dashboard/527,TT0000-99-7790-001,022-0043,"Детско-взрослая поликлиника на 750 посещений в смену с детским и взрослым травмпунктами, женской консультацией и стоматологией, р-н Некрасовка",в строительстве,ДГС,"АНО ""РСИ""","ООО ""РЕФОРМ-ИНЖИНИРИНГ""",31.08.2026,84,81-100,Август 2026,V,,V,,,,,,,,V,,V,09.04.2026
263,https://dashboard-stroi.mos.ru/dashboard/528,TT0000-99-7709-001,022-0176,"Школа на 1000 мест, р-н Даниловский, ул. Восточная, влд. 4А",в строительстве,ДГС,"АНО ""РСИ""","ООО ""ИНЖИНИРИНГ ГРУПП""",29.05.2026,72,61-80,Май 2026,V,,V,,,,,,,,V,,V,09.04.2026
264,https://dashboard-stroi.mos.ru/dashboard/534,TT0000-99-8077-001,022-0520,"Здание образовательной организации на 1500 мест (общее образование 1225 мест, дошкольное образование 275 мест), р-н Измайлово, Сиреневый б-р, влд. 4",в строительстве,ДГС,"АНО ""РСИ""","ООО ""РЕФОРМ-ИНЖИНИРИНГ""",31.08.2026,61,61-80,Август 2026,V,,V,,,,,,V,,V,,V,09.04.2026
265,https://dashboard-stroi.mos.ru/dashboard/535,TT0000-99-8014-001,022-0526,"Здание образовательной организации (общее образование) на 700 мест, р-н Северное Измайлово, мкр. 41-50, ул. 11-я Парковая, з/у 45Б",в строительстве,ДГС,"АНО ""РСИ""","ООО ""РЕФОРМ-ИНЖИНИРИНГ""",31.08.2026,66,61-80,Август 2026,V,,V,,,,,,V,,V,,V,10.04.2026
266,https://dashboard-stroi.mos.ru/dashboard/536,TT0000-05-0068-001,022-0629,"Стоматологическая поликлиника, р-н Перово, Новогиреевская ул., з/у 30/1 (проектирование и завершение строительства)",в строительстве,ДГС,"АНО ""РСИ""","АО ""ГК ЕКС""",30.12.2026,39,21-40,Декабрь 2026,V,,V,,,,,,V,,V,,V,10.04.2026
267,https://dashboard-stroi.mos.ru/dashboard/539,HH0190-05-0001-001,023-0285,ММК- Операционно-реанимационный корпус МГОБ № 62,в строительстве,ДГС,"ФОНД ""ММК""","ООО ""МОНОТЕК СТРОЙ""",30.03.2026,98,81-100,Март 2026,V,,,,,,,,,,V,,V,10.04.2026
268,https://dashboard-stroi.mos.ru/dashboard/548,GJ8427-10-0002-001,023-1057,"ЖК «Легенда», жилой дом, г.о. Троицк, 42-й км Калужского шоссе, корп. 5",в строительстве,ДГС,"""МОСКОВСКИЙ ФОНД ЗАЩИТЫ ПРАВ ДОЛЬЩИКОВ""","ООО ""ФЛЭТ И КО""",30.06.2026,61,61-80,Сентябрь 2026,V,,V,,,,,,,,V,,V,10.04.2026
269,https://dashboard-stroi.mos.ru/dashboard/549,GJ8427-10-0001-001,023-1058,"ЖК «Легенда», жилой дом, г.о. Троицк, 42-й км Калужского шоссе, корп. 6",в строительстве,ДГС,"""МОСКОВСКИЙ ФОНД ЗАЩИТЫ ПРАВ ДОЛЬЩИКОВ""","ООО ""ФЛЭТ И КО""",30.09.2026,31,21-40,Сентябрь 2026,V,,V,,,,,,V,,V,,V,10.04.2026
270,https://dashboard-stroi.mos.ru/dashboard/554,TT0000-99-7971-001,023-1088,"Строительство, реконструкция и реставрация объекта (Центральный Московский ипподром) с приспособлением для современного использования, включая ПИР, находящегося по адресу: г. Москва, ул. Беговая, д. 22",в строительстве,ДГС,"ООО ""ЦМИ""","АО ""Москапстрой""",31.07.2026,58,41-60,Июль 2026,,,,,,,V,,V,,V,,V,
271,https://dashboard-stroi.mos.ru/dashboard/556,TT0000-14-0160-001,024-0266,"Лечебно-диагностический комплекс ГБУЗ «Московский клинический научно-практический центр имени А.С. Логинова Департамента здравоохранения города Москвы» (ГБУЗ МКНЦ имени А.С. Логинова ДЗМ) по адресу: ш. Энтузиастов, вл. 86 (со сносом объекта по адресу: Новогиреевская ул., д. 1, стр. 6) 
 4 ЭТАП строительство многоуровневого паркинга с офисно-складскими помещениями и биобанком",в строительстве,ДГС,"АНО ""РСИ""","ООО ""ГЛАВКАПСТРОЙ""",31.12.2026,3,0-5,Декабрь 2026,V,,,,,,,,V,,V,,V,10.04.2026
272,https://dashboard-stroi.mos.ru/dashboard/557,IH1909-99-0001-001,012-3502,"Пожарное депо на 4 машино-места, р-н Богородское, 6-й пр-д Подбельского, влд. 8-10 (завершение строительства)",в строительстве,ДГС,"АНО ""РСИО""","ООО ""СКР""",31.12.2026,38,21-40,Декабрь 2026,V,,V,,,,,,,,V,,V,10.04.2026
273,https://dashboard-stroi.mos.ru/dashboard/559,TT0000-05-0070-001,022-0592,"Подстанция скорой помощи на 6 машино-мест с центральным складом, р-н Царицыно, Пролетарский пр-кт, з/у 24/2/1",в строительстве,ДГС,"АНО ""РСИ""","ООО ""АРТСТРОЙТЕХНОЛОГИЯ""",31.12.2026,29,21-40,Декабрь 2026,V,,V,,,,,,,,V,,V,10.04.2026
274,https://dashboard-stroi.mos.ru/dashboard/585,TT0000-99-5896-001,019-0432,"Реконструкция с устройством лифтов зданий ГБУ города Москвы ""Комплексный реабилитационно-образовательный центр"" по адресу: ул. 16-я Парковая, д.4 (строительно-монтажные работы)",в строительстве,ДГС,"АНО ""РСИО""","ООО ""Монарт Строй""",31.03.2026,100,,Март 2026,V,,,,,,,,,,V,,V,13.03.2026
275,https://dashboard-stroi.mos.ru/dashboard/590,TT0000-08-0266-001,023-0187,"ДОУ на 250 мест на территории Рождествено, р-н Митино",в строительстве,ДГС,"АНО ""РСИ""","ООО ""ГЛАВКАПСТРОЙ""",31.07.2026,43,41-60,Июль 2026,V,,V,,,,,,V,,V,,V,16.03.2026
276,https://dashboard-stroi.mos.ru/dashboard/591,HH4966-08-0001-001,024-0923,"Школа на 550 мест, вн.тер.г. Раменки, ул. Минская, з/у 1/15",в строительстве,ДГС,"АНО ""РСИ""","ООО ""ГЛАВКАПСТРОЙ""",31.08.2026,36,21-40,Август 2026,V,,V,,,,,,V,,V,,V,17.03.2026
277,https://dashboard-stroi.mos.ru/dashboard/592,HH9784-08-0001-001,024-0922,"Дошкольное здание на 350 мест, вн.тер.г. Даниловское, пр-кт Лихачёва, з/у 10/1",в строительстве,ДГС,"АНО ""РСИ""","ООО ""ГК СУ-555""",31.08.2026,18,6-20,Декабрь 2026,V,,,,,,,,V,,V,,V,13.03.2026
278,https://dashboard-stroi.mos.ru/dashboard/601,HH3610-11-0001-001,024-0330,"Инфекционный лечебно-диагностический комплекс на территории ГБУЗ ""ИКБ №1 ДЗМ"" по адресу: Волоколамское шоссе вл.63 (со сносом объектов по адресам: Волоколамское ш. д.63 стр. 1,2,3,4,5,6,7,8,10,11,12,13) (5 этап строительства - склад)",в строительстве,ДГС,"АНО ""РСИ""","ООО ""ГЛАВКАПСТРОЙ""",31.12.2026,6,6-20,Декабрь 2026,V,,,,,,,,V,,V,,V,17.03.2026
279,https://dashboard-stroi.mos.ru/dashboard/631,TT0000-15-0461-001,024-0668,"Строительство магистральной улицы районного значения ""Калужское ш. - д. Бачурино - а/д ""Солнцево – Бутово - Видное"" Этап 1.1, 1.3",в строительстве,ДСТИИ,"ГКУ ""УДМС""","ООО ""МАГИСТРАЛЬ""",30.12.2026,84,81-100,Декабрь 2026,V,,V,,,,,,,,V,,V,13.03.2026
280,https://dashboard-stroi.mos.ru/dashboard/638,TT0000-99-7906-001,021-0710,"Взрослая поликлиника на 750 посещений в смену вблизи Октябрьского пр-кта д. 5, г.о.Троицк",в строительстве,ДГС,"ГКУ ""РМР""","ООО ""ГК СУ-555""",30.09.2026,92,81-100,Сентябрь 2026,V,,V,,,,,,,,V,,V,18.03.2026
281,https://dashboard-stroi.mos.ru/dashboard/640,TT0000-99-2750-001,024-0633,"Развитие улично-дорожной сети городского округа Троицк (1 этап). Этап 1.1 Строительство участка магистральной улицы общегородского значения от Октябрьского проспекта до Калужского шоссе. Этап 1.2 реконструкция ул. Заречная с организацией движения пассажирского транспорта» (в части исполнения этапов 1.1, 1.4, 1.5, 1.6, 1.7)",в строительстве,ДСТИИ,"ГКУ ""УДМС""","ООО ""ТК РУСЛАН-1""",19.10.2026,24,21-40,Октябрь 2026,V,,,,,,,,V,"01.04.2026
Нерудный материал (песок)",V,,V,13.03.2026
282,https://dashboard-stroi.mos.ru/dashboard/641,HK0306-08-0001-001,024-0864,"ГБОУ ""Школа № 2073"", г. Москва, пос. Кленовское, с. Кленово ( 2-й этап: Реконструкция существующего здания школы)",в строительстве,ДГС,"ГКУ ""РМР""","ООО ""СТРОЙЭНЕРГОКОМПЛЕКТ""",29.5.2026,100,,Май 2026,V,,,,,,,,,,V,,V,19.03.2026
283,https://dashboard-stroi.mos.ru/dashboard/653,TT0000-99-6208-001,020-0010,"Культурно-досуговый центр п. Шишкин Лес, пос. Михайлово-Ярцевское",в строительстве,ДГС,"ГКУ ""РМР""","ООО ""СТРОЙКАПИТАЛИНВЕСТ""",27.02.2026,99,81-100,Февраль 2026,V,,,,,,,,,,V,,V,19.03.2026
284,https://dashboard-stroi.mos.ru/dashboard/656,HI4863-13-0001-001,024-0586,Проектирование и строительство очистных сооружений поверхностного стока в п. Коммунарка,в строительстве,ДСТИИ,"ГКУ ""УДМС""","АО ""ГК ЕКС""",31.12.2026,19,6-20,Декабрь 2026,V,,,,,,,,V,,V,,V,13.03.2026
285,https://dashboard-stroi.mos.ru/dashboard/676,TT0000-15-0408-001,025-0082,Развитие улично-дорожной сети г.о. Троицк (2 этап). Строительство и реконструкция улицы от ул. Академика Черенкова до Калужского шоссе,в строительстве,ДСТИИ,"ГКУ ""УДМС""","ООО ""КОНТИНЕНТ""",30.8.2026,58,41-60,Август 2026,V,,V,,,,,,V,,V,,V,13.03.2026
286,https://dashboard-stroi.mos.ru/dashboard/703,HJ6504-08-0001-001,025-0012,"ДОУ на 150 мест, р-н Щербинка, кв-л Южный",в строительстве,ДГС,"АНО ""РСИ""","ООО ""ГК СУ-555""",30.06.2026,99,81-100,Июнь 2026,V,,,,,,,,,,V,,V,19.03.2026
287,https://dashboard-stroi.mos.ru/dashboard/711,TT0000-99-8297-001,012-2870,Реконструкция МКАД от ш.Энтузиастов до ул.Молдагуловой. Этап 1,в строительстве,ДСТИИ,"ГКУ ""УДМС""","ООО ""ТК РУСЛАН-1""",30.08.2026,16,6-20,Август 2026,V,,,,,,,,V,"02.04.2026
Уплотнение основания, нерудный материал (песок, щпс)",V,,V,13.03.2026
288,https://dashboard-stroi.mos.ru/dashboard/715,TT0000-99-8186-001,022-0427,Строительство проектируемого проезда № 6297 и реконструкция Ельнинской улицы. Этап 1,в строительстве,ДСТИИ,"ГКУ ""УДМС""","АО ""МОДЦ""",30.10.2026,59,41-60,Октябрь 2026,V,,V,,,,,,V,,V,,V,13.03.2026
289,https://dashboard-stroi.mos.ru/dashboard/724,TT0000-99-7740-001,024-0283,"Реконструкция набережной р. Москвы от Филевского парка до территории театра ""Мастерская П.Н.Фоменко"" (включительно).
 этап 2",в строительстве,ДСТИИ,"ГКУ ""УДМС""","АО ""МИСК""",31.08.2026,15,6-20,Август 2026,V,,,,,,,,V,,V,,V,13.03.2026
290,https://dashboard-stroi.mos.ru/dashboard/726,TT0000-99-7680-001,021-0715,"Строительство улично-дорожной сети: Котляковского проезда, 2-го Котляковского переулка и 1-го Варшавского проезда. Этап 1",в строительстве,ДСТИИ,"ГКУ ""УДМС""","ООО ""ФИРМА ГЕРА""",30.06.2026,67,61-80,Июнь 2026,V,,V,,,,,,V,,V,,V,16.03.2026
291,https://dashboard-stroi.mos.ru/dashboard/731,TT0000-99-7578-001,019-0450,"Пешеходный переход через МЦД-1 и Дмитровское шоссе в районе д.5-д.7, корп.2",в строительстве,ДСТИИ,"ГКУ ""УДМС""","АО ""ДИМ""",30.08.2026,59,41-60,Август 2026,V,,V,,,,,,V,,V,,V,16.03.2026
292,https://dashboard-stroi.mos.ru/dashboard/732,TT0000-99-7257-001,024-0121,Строительство путепровода Добролюбова-Складочная. Этап 2,в строительстве,ДСТИИ,"ГКУ ""УДМС""","АО ""ГК ЕКС""",30.06.2026,54,41-60,Июнь 2026,V,,V,,,,,,V,,V,,V,16.03.2026
293,https://dashboard-stroi.mos.ru/dashboard/736,TT0000-99-5926-001,013-1344,"Мостовые сооружения через р. Лихоборку, р. Яузу, внеуличные пешеходные переходы, переустройство инженерных сетей и коммуникаций, с реконструкцией ул. Сельскохозяйственная, ул. Вильгельма Пика, ул. Декабристов, обеспечивающих их функционирование. Этапы 3, 4, 4.1",в строительстве,ДСТИИ,"ГКУ ""УДМС""","ООО ""ТК РУСЛАН-1""",15.04.2026,99,81-100,отсутствует,V,,,,,,,,,,V,,V,16.03.2026
294,https://dashboard-stroi.mos.ru/dashboard/743,TT0000-99-3541-001,019-0441,"Строительство и благоустройство участка Симоновской наб., прилегающей к территории жилого комплекса по адресу: Симоновская наб., влд. 1",в строительстве,ДСТИИ,"ГКУ ""УДМС""","ООО ""ТК РУСЛАН-1""",30.05.2026,68,61-80,Май 2026,V,,V,,,,,,V,,V,,V,16.03.2026
295,https://dashboard-stroi.mos.ru/dashboard/746,TT0000-99-2500-001,023-0177,ЮВХ-7. Участок вдоль ул.Каспийской от ул.Кантемировской до Павелецкого направления Московской железной дороги. Этапы 2,в строительстве,ДСТИИ,"ГКУ ""УДМС""","АО ""ДИМ""",07.09.2026,53,41-60,Сентябрь 2026,V,,V,,,,,,V,"02.04.2026
Бетон",V,,V,18.03.2026
296,https://dashboard-stroi.mos.ru/dashboard/753,TT0000-15-0536-001,025-0132,"ЮВХ-8. Строительство улично-дорожной сети с искусственными сооружениями и переустройством инженерных коммуникаций на участке от ул. Маршала Шестопалова до Павелецкого направления Московской железной дороги. Этап 3.2.1, 3.2.2, 3.2.3, 2.3.3 (ОС)",в строительстве,ДСТИИ,"ГКУ ""УДМС""","АО ""МОСИНЖПРОЕКТ""",31.3.2026,93,81-100,Март 2026,V,,V,,,,,,,,V,,V,16.03.2026
297,https://dashboard-stroi.mos.ru/dashboard/761,TT0000-15-0471-001,020-0777,Строительство мостового сооружения через р. Москва в створе Берегового пр-да с реконструкцией прилегающей улично-дорожной сети от ул. Новозаводская до 3-я Магистральная ул.,в строительстве,ДСТИИ,"ГКУ ""УДМС""","АО ""ДИМ""",30.06.2026,97,81-100,отсутствует,V,,,,,,,,,,V,,V,23.03.2026
298,https://dashboard-stroi.mos.ru/dashboard/767,TT0000-15-0432-001,021-0453,Расширение Поморской улицы и Проектируемого проезда № 2257 со строительством Проектируемого проезда вдоль ж/д путей,в строительстве,ДСТИИ,"ГКУ ""УДМС""","ООО ""МИАНСТРОЙ""",30.06.2026,45,41-60,Июнь 2026,V,,V,,,,,,V,"02.04.2026
Нерудный материал (ЩГПС)",V,,V,23.03.2026
299,https://dashboard-stroi.mos.ru/dashboard/768,TT0000-15-0424-001,018-0288,"Реконструкция улично-дорожной сети р-нов Ростокино и Алексеевский Этапы 2.1.1, 2.1.2",в строительстве,ДСТИИ,"ГКУ ""УДМС""","ООО ""ТК РУСЛАН-1""",31.08.2026,67,61-80,Август 2026,V,,V,,,,,,V,,V,,V,23.03.2026
300,https://dashboard-stroi.mos.ru/dashboard/770,TT0000-15-0411-001,023-0180,"Строительство многоуровневых транспортных развязок на участке магистрали ""Солнцево-Бутово-Варшавское шоссе"" от ул. Поляны до Симферопольского ш. Этап 2",в строительстве,ДСТИИ,"ГКУ ""УДМС""","ООО ""ФИРМА ГЕРА""",30.09.2026,14,6-20,Сентябрь 2026,V,,,,,,,,V,,V,,V,23.03.2026
301,https://dashboard-stroi.mos.ru/dashboard/772,TT0000-15-0402-001,021-0522,Транспортная развязка и мостовые сооружения на территории Мневниковской поймы с примыканием к Северо-Западной хорде. Мост Парус Новозаводский,в строительстве,ДСТИИ,"ГКУ ""УДМС""","АО ""ДИМ""",25.12.2026,35,21-40,Декабрь 2026,V,,V,,,,,,V,,V,,V,23.03.2026
302,https://dashboard-stroi.mos.ru/dashboard/778,TT0000-15-0313-004,021-0831,ЮВХ-6. Этап 2.2. Строительство мостового перехода через р. Москву и многоуровневой транспортной развязки на Каширском шоссе,в строительстве,ДСТИИ,"ГКУ ""УДМС""","ООО ""ФСК МОСТООТРЯД-47""",30.09.2026,78,61-80,Сентябрь 2026,V,,V,,,,,,V,,V,,V,23.03.2026
303,https://dashboard-stroi.mos.ru/dashboard/785,TT0000-15-0222-001,021-0153,"Симоновская набережная от существующего участка до Третьего транспортного кольца. Этапы 1.1, 1.2",в строительстве,ДСТИИ,"ГКУ ""УДМС""","АО ""МИСК""",30.10.2026,73,61-80,Октябрь 2026,V,,V,,,,,,V,,V,,V,23.03.2026
304,https://dashboard-stroi.mos.ru/dashboard/790,TT0000-15-0154-001,014-0329,"Строительство путепровода через пути Савеловского направления железной дороги, соединяющего ул.800-летия Москвы с Инженерной ул. Этапы 1.1, 2.2, 3.2, 1.2, 2.3, 2.4, 2.5, 3.3, 3.4",в строительстве,ДСТИИ,"ГКУ ""УДМС""","АО ""МИСК""",30.6.2026,91,81-100,Июнь 2026,V,,V,,,,,,,,V,,V,23.03.2026
305,https://dashboard-stroi.mos.ru/dashboard/795,TT0000-15-0059-008,019-0004,"Строительство эстакад основного хода, эстакадсъездов Ярославского ш., разворотного путепровода, железнодорожных эстакад, переустройство инженерных сетей и коммуникаций, с реконструкцией/строительством улично-дорожной сети на участке от Открытого ш. до Ярославского ш. в рамках строительства Северо-Восточной хорды Этап 1. Транспортная развязка на пересечении Северо-Восточной хорды с Ярославским ш. Этапы 1.1.2, 1.3.5, 1.4",в строительстве,ДСТИИ,"ГКУ ""УДМС""","АО ""ДИМ""",30.05.2026,91,81-100,Май 2026,V,,V,,,,,,,,V,,V,23.03.2026
306,https://dashboard-stroi.mos.ru/dashboard/797,TT0000-15-0047-001,019-0452,Пешеходный переход через МЦД-1 и Дмитровское шоссе в районе д.29,в строительстве,ДСТИИ,"ГКУ ""УДМС""","АО ""ДИМ""",30.06.2026,86,81-100,Июнь 2026,V,,V,,,,,,,,V,,V,23.03.2026
307,https://dashboard-stroi.mos.ru/dashboard/803,TT0000-03-0073-001,019-0448,"Реконструкция набережной р. Москвы от Филевского парка до территории театра ""Мастерская П.Н.Фоменко"" (включительно).Этап 1",в строительстве,ДСТИИ,"ГКУ ""УДМС""","ООО ""ТК РУСЛАН-1""",26.6.2026,73,61-80,Август 2026,V,,V,,,,,,V,,V,,V,23.03.2026
308,https://dashboard-stroi.mos.ru/dashboard/808,II0423-13-0002-001,023-0070,ЮВХ-7. Участок вдоль ул. Каспийской от ул. Кантемировской до Павелецкого направления Московской железной дороги. Этапы 1,в строительстве,ДСТИИ,"ГКУ ""УДМС""","АО ""ДИМ""",30.09.2026,0,0-5,Сентябрь 2026,V,,,,,,,,,,V,,V,23.03.2026
309,https://dashboard-stroi.mos.ru/dashboard/823,HI7710-15-0001-001,023-0213,Реконструкция ул. Большая Юшуньская,в строительстве,ДСТИИ,"ГКУ ""УДМС""","ООО ""ТК РУСЛАН-1""",30.10.2026,5,0-5,Октябрь 2026,V,,,,,,,,,,V,,V,23.03.2026
310,https://dashboard-stroi.mos.ru/dashboard/842,HI2847-15-0001-001,020-0127,Строительство многоуровневых транспортных развязок на участке от МКАД до поселка Коммунарка. Участок от ул. Александры Монаховой до транспортной развязки с путепроводом на пересечении дороги СБВ,в строительстве,ДСТИИ,"ГКУ ""УДМС""","АО ""МИСК""",30.06.2026,86,81-100,Июнь 2026,V,,V,,,,,,V,"03.04.2025
Керны",V,,V,18.03.2026
311,https://dashboard-stroi.mos.ru/dashboard/848,HH9376-15-0001-001,014-2236,Симоновская набережная от существующего участка до Третьего транспортного кольца. Этапы 2.1,в строительстве,ДСТИИ,"ГКУ ""УДМС""","АО ""МСУ-1""",30.09.2027,6,6-20,Сентябрь 2027,V,,,,,,,,V,,V,,V,24.03.2026
312,https://dashboard-stroi.mos.ru/dashboard/849,HH9160-15-0001-001,019-0218,"ЮВХ-9. Участок от Павелецкого направления МЖД до МКАД с транспортной развязкой МКАД-ЮВХ. 
 Этап 6, 4 (ОС)",в строительстве,ДСТИИ,"ГКУ ""УДМС""","АО ""МОСИНЖПРОЕКТ""",31.03.2026,100,,Март 2026,V,,,,,,,,,,V,,V,24.03.2026
313,https://dashboard-stroi.mos.ru/dashboard/853,HH7907-99-0001-001,022-0449,Строительство путепроводов на пересечении Октябрьского направления железной дороги и Савеловского направления Московской железной дороги на участке от Б. Академической ул. до ул. Академика Королева. Этап 1,в строительстве,ДСТИИ,"ГКУ ""УДМС""","АО ""МИСК""",30.12.2026,54,41-60,Декабрь 2026,V,,V,,,,,,V,,V,,V,24.03.2026
314,https://dashboard-stroi.mos.ru/dashboard/860,HH4338-99-0001-001,022-0504,Реконструкция Карамышевской набережной. Этап 1,в строительстве,ДСТИИ,"ГКУ ""УДМС""","АО ""ГК ЕКС""",31.10.2026,13,6-20,Октябрь 2026,V,,,,,,,,V,,V,,V,24.03.2026
315,https://dashboard-stroi.mos.ru/dashboard/867,HG8272-99-0002-001,018-0278,"Строительство искусственного сооружения через железнодорожные пути, соединяющего ул. Костромскую и Юрловский пр-д",в строительстве,ДСТИИ,"ГКУ ""УДМС""","АО ""ГК ЕКС""",28.02.2026,85,81-100,Февраль 2026,V,,V,,,,,,,,V,,V,24.03.2026
316,https://dashboard-stroi.mos.ru/dashboard/868,HG7691-13-0001-001,019-0094,"Строительство эстакад основного хода, многоуровневых транспортных развязок в районе станции метро ""Владыкино"", станции метро ""Ботанический сад"", эстакад-съездов Ярославского ш., мостов через р. Яуза, р. Лихоборка, переустройство инженерных сетей и коммуникаций, с реконструкцией/строительством улично-дорожной сети на участке от Ярославского ш. до Дмитровского ш. в рамках строительства Северо-Восточной хорды, этапы 5.1 , 5.2",в строительстве,ДСТИИ,"ГКУ ""УДМС""","ГУП ""МОСВОДОСТОК""",30.6.2026,80,61-80,Июнь 2026,V,,V,,,,,,,,V,,V,24.03.2026
317,https://dashboard-stroi.mos.ru/dashboard/872,HG7074-15-0001-002,023-0565,"Поморская ул. реконструкция, включая круговую развязку,проектируемый проезд 4052 вдоль Савеловского направления МЖД от Стандартной ул. до пл. Бескудниково, проезд на продолжении ул. Римского- Корсакова",в строительстве,ДСТИИ,"ГКУ ""УДМС""","ЗАО ""ДОРИНЖ-39""",30.6.2026,59,41-60,Июнь 2026,V,,V,,,,,,V,,V,,V,24.03.2026
318,https://dashboard-stroi.mos.ru/dashboard/874,HG5864-15-0001-001,019-0655,Реконструкция Дмитровского путепровода.Этапы 1 и 2,в строительстве,ДСТИИ,"ГКУ ""УДМС""","АО ""МСУ-1""",30.5.2026,96,81-100,Май 2026,V,,,,,,,,,,V,,V,24.03.2026
319,https://dashboard-stroi.mos.ru/dashboard/885,GG5314-15-0001-001,021-0452,"Строительство улично-дорожной сети для транспортного обслуживания территории, ограниченной Кутузовским шоссе, Середниковской улицей и улицей Дмитрия Разумовского. Этапы 1.1.2, 1.3",в строительстве,ДСТИИ,"ГКУ ""УДМС""","ЗАО ""ДОРИНЖ-39""",26.04.2026,99,81-100,Апрель 2026,V,,,,,,,,,,V,,V,24.03.2026
320,https://dashboard-stroi.mos.ru/dashboard/886,FJ5643-15-0001-001,022-0650,"Строительство многоуровневых транспортных развязок в пос. Рассудово, пос. Киевский с реконструкцией Киевского шоссе на участке 51-65 км. Этап 1.2",в строительстве,ДСТИИ,"ГКУ ""УДМС""","АО ""ДИМ""",27.10.2026,41,41-60,Октябрь 2026,V,,V,,,,,,V,,V,,V,24.03.2026
321,https://dashboard-stroi.mos.ru/dashboard/973,TT0000-15-0478-001,022-0069,"Переустройство инженерных коммуникаций и сооружений ОАО РЖД в составе этапов ЮВХ-9, ЮВХ-3 и ЮВХ-5",в строительстве,ДСТИИ,"ГКУ ""УДМС""","АО ""ДИМ""",31.07.2026,84,81-100,Июль 2026,V,,V,,,,,,,,V,,V,24.03.2026
322,https://dashboard-stroi.mos.ru/dashboard/975,TT0000-13-0146-002,017-0609,"РВУ ""Станиславль""",в строительстве,ДСТИИ,"ГКУ ""УДМС""","ООО ""КОНТИНЕНТ""",09.04.2026,100,,Апрель 2026,V,,,,,,,,,,V,,V,24.03.2026
323,https://dashboard-stroi.mos.ru/dashboard/976,HI9536-01-0001-001,023-0496,"Строительство базы ГБУ ""Жилищник р-на Бирюлево Восточное""",в строительстве,ДСТИИ,"ГКУ ""УДМС""","АО ""ГК ЕКС""",30.12.2026,58,41-60,Декабрь 2026,V,,V,,,,,,V,,V,,V,24.03.2026
324,https://dashboard-stroi.mos.ru/dashboard/977,HI9221-13-0001-001,015-0556,015-0556 605-02 Городские инженерные коммуникации для комплексной реконструкции мкр.1 р-на Царицыно,в строительстве,ДСТИИ,"ГКУ ""УДМС""","ООО ""СТРОЙМОНТАЖ""",30.6.2026,61,61-80,Июнь 2026,V,,V,,,,,,,,V,,V,17.03.2026
325,https://dashboard-stroi.mos.ru/dashboard/978,HG9692-14-0002-001,012-0265,"Реконструкция и расширение предприятия ""Спецтранс"" Государственного унитарного предприятия города Москвы ""Экотехпром"" с одновременным размещением в его корпусе дорожно-эксплуатационного комплекса Государственного унитарного предприятия города Москвы ""Доринвест"" по обслуживанию Третьего транспортного кольца г. Москвы, пр-д Серебрякова 14-В",в строительстве,ДСТИИ,"ГКУ ""УДМС""","ООО ""ПРОМТЕХГРУПП""",30.06.2026,77,61-80,Июнь 2026,V,,V,,,,,,V,,V,,V,24.03.2026
326,https://dashboard-stroi.mos.ru/dashboard/979,TT0000-15-0522-001,023-0400,"Дороги, инженерные коммуникации, инженерные сооружения (с выносом инженерных коммуникаций) в р- не Фили-Давыдково, ул. Староволынская",в строительстве,ДСТИИ,"ГКУ ""УДМС""","ООО ""ПРОМТЕХГРУПП""",31.07.2026,34,21-40,Июль 2026,V,,V,,,,,,V,,V,,V,24.03.2026
327,https://dashboard-stroi.mos.ru/dashboard/981,HJ7600-13-0001-001,012-1124,Очистные сооружения № 3 для 1 очереди застройки р-на Щербинка,в строительстве,ДСТИИ,"ГКУ ""УДМС""","АО ""ГК ЕКС""",30.8.2026,53,41-60,Август 2026,V,,V,,,,,,V,,V,,V,25.03.2026
328,https://dashboard-stroi.mos.ru/dashboard/984,HJ7200-13-0002-001,012-0994,Очистные сооружения № 1 для 1 очереди застройки р-на Щербинка,в строительстве,ДСТИИ,"ГКУ ""УДМС""","ООО ""АртСтройТехнология""",31.10.2026,21,21-40,Октябрь 2026,V,,,,,,,,V,,V,,V,25.03.2026
329,https://dashboard-stroi.mos.ru/dashboard/985,TT0000-13-1621-001,023-0087,"Напорный трубопровод от Ново-Солнцевской канализационно-насосной станции (КНС) до Обручевского канала (1 пусковой комплекс) р-ны Солнцево, Тропарево-Никулино, Проспект Вернадского. Этап 2. Строительство напорного трубопровода от Ново- Солнцевской КНС до пр-кта Вернадского",в строительстве,ДСТИИ,"ГКУ ""УДМС""","ООО ""СТРОЙМОНТАЖ""",30.11.2026,55,41-60,Ноябрь 2026,V,,V,,,,,,,,V,,V,17.03.2026
330,https://dashboard-stroi.mos.ru/dashboard/991,TT0000-11-0065-001,019-0435,"Дороги, инженерные коммуникации и сооружения для жилой застройки в районе деревни Ватутинки, поселение Десеновское, с реконструкцией ВЗУ «Ватутинки-1/4» Этап 1.7. Отстойно-разворотная площадка с конечной станцией ""Ватутинки""",в строительстве,ДСТИИ,"ГКУ ""УДМС""","АО ""ХК ГВСУ ЦЕНТР""",20.12.2026,72,61-80,Декабрь 2026,V,,V,,,,,,,,V,,V,25.03.2026
331,https://dashboard-stroi.mos.ru/dashboard/996,HG6887-16-0001-001,013-1233,"Технологическая часть ТПУ на станции метро ""Верхние Лихоборы"". 
 Этап 1",в строительстве,ДСТИИ,"ГКУ ""УДМС""","ООО ""КОНТИНЕНТ""",30.04.2026,100,,Апрель 2026,V,,,,,,,,,,V,,V,25.03.2026
332,https://dashboard-stroi.mos.ru/dashboard/998,TT0000-15-0048-001,018-0196,"Строительство многоуровневой транспортной развязки на пересечении Северного дублера Кутузовского проспекта, Шелепихинской набережной и Третьего транспортного кольца. Этапы 3.3.2.,3.3.3.,3.3.4.,3.3.5, 3.2",в строительстве,ДСТИИ,"ГКУ ""УДМС""","ООО ""ИФСК АРКС""",30.9.2026,71,61-80,Сентябрь 2026,V,,V,,,,,,V,,V,,V,25.03.2026
333,https://dashboard-stroi.mos.ru/dashboard/999,HH5444-13-0001-001,021-0395,"Строительство многоуровневой транспортной развязки на пересечении Северного дублера Кутузовского проспекта, Шелепихинской набережной и Третьего транспортного кольца. Этап 3.1",в строительстве,ДСТИИ,"ГКУ ""УДМС""","ООО ""ФИРМА ГЕРА""",30.9.2026,18,6-20,Сентябрь 2026,V,,,,,,,,V,,V,,V,25.03.2026
334,https://dashboard-stroi.mos.ru/dashboard/1026,TT0000-99-7705-001,022-0315,Реконструкция ул. Кульнева,в строительстве,ДСТИИ,"ГКУ ""УДМС""","ООО ""АртСтройТехнология""",31.8.2026,66,61-80,Август 2026,V,,V,,,,,,V,,V,,V,25.03.2026
335,https://dashboard-stroi.mos.ru/dashboard/1079,IH0279-13-0001-001,017-0606,"Инженерная подготовка территории жилой застройки по адресу: Проектируемый пр-д 4062, влд. 8 с перебазированием ремонтно-производственной базы флота ГУП ""Мосводосток"" (проектирование и строительство) по адресу: 2-й Южнопортовый пр-д",в строительстве,ДСТИИ,"ГКУ ""УДМС""","ГУП ""МОСВОДОСТОК""",31.10.2026,4,0-5,Октябрь 2026,V,,,,,,,,,,V,,V,25.03.2026
336,https://dashboard-stroi.mos.ru/dashboard/1102,HH3747-15-0001-001,023-0497,"Транспортная развязка и мостовые сооружения на территории Мневниковской поймы с примыканием к Северо-Западной хорде. Этапы 1.3.2, 1.3.3, 1.5, 1.6.1, 1.6.2, 1.6.3",в строительстве,ДСТИИ,"ГКУ ""УДМС""","АО ""ДИМ""",31.12.2026,84,81-100,Декабрь 2026,V,,V,,,,,,V,,V,,V,25.03.2026
337,https://dashboard-stroi.mos.ru/dashboard/1107,TT0000-13-0713-001,017-0343,"ЮР-1. Участок от ул.Каспийской до 1-го Котляковского пер. 
 Этапы 2.3, 2.4, 2.5, 2.1, 2.6, 3",в строительстве,ДСТИИ,"ГКУ ""УДМС""","АО ""МОСИНЖПРОЕКТ""",30.3.2026,97,81-100,Март 2026,V,,,,,,,,V,,V,,V,25.03.2026
338,https://dashboard-stroi.mos.ru/dashboard/1111,HG9192-15-0001-001,013-0309,"Строительство эстакад основного хода, многоуровневых транспортных развязок в районе станции метро ""Владыкино"", станции метро ""Ботанический сад"", эстакад-съездов Ярославского ш., мостов через р. Яузу, р. Лихоборку, переустройство инженерных сетей и коммуникаций, с реконструкцией/строительством улично-дорожной сети на участке от Ярославского ш. до Дмитровского ш. в рамках строительства СевероВосточной хорды. Этапы 3.2.2, 3.3.5, 3.4, 4",в строительстве,ДСТИИ,"ГКУ ""УДМС""","АО ""ДИМ""",31.03.2026,96,81-100,Март 2026,V,,,,,,,,,,V,,V,25.03.2026
339,https://dashboard-stroi.mos.ru/dashboard/1114,HI4258-15-0001-001,018-0284,"Строительство многоуровневых транспортных развязок на участке магистрали ""Солнцево-Бутово-Варшавское шоссе"" от ул. Поляны до Симферопольского ш. Этапы 1.1,1.2.",в строительстве,ДСТИИ,"ГКУ ""УДМС""","АО ""ДИМ""",03.09.2026,35,21-40,Сентябрь 2026,V,,V,,,,,,V,,V,,V,25.03.2026
340,https://dashboard-stroi.mos.ru/dashboard/1115,HH5946-99-0001-001,023-0732,"УДС к ТПУ Сити, Этапы 1, 2",в строительстве,ДСТИИ,"ГКУ ""УДМС""","АО ""МИСК""",30.11.2026,20,6-20,Ноябрь 2026,V,,,,,,,,V,,V,,V,25.03.2026
341,https://dashboard-stroi.mos.ru/dashboard/1125,TT0000-15-0297-002,024-0636,"Строительство и реконструкция магистральной улицы общегородского значения ""Мамыри – Пенино - Шарапово"", 1 очередь ""Николо-Хованская ул. – а/д ""М-3 Украина – Середнево – Марьино – Десна"" (Этапы 1, 2, 3, 4, 6)",в строительстве,ДСТИИ,"ГКУ ""УДМС""","АО ""МСУ-1""",27.5.2026,96,81-100,отсутствует,V,,,,,,,,,,V,,V,23.03.2026
342,https://dashboard-stroi.mos.ru/dashboard/1270,TT0000-99-8004-001,021-0377,"Жилые дома с приспособлением двух подземных автостоянок под защитные сооружения гражданской обороны – ""укрытия"" (ЗСГО) с инженерными сетями и благоустройством территории (со сносом жилых домов по адресам: Рязанский проспект, д. 95, корпус 3, Рязанский проспект, д. 95, корпус 4, Рязанский проспект, д. 91, корпус 4) по адресу: г. Москва, внутригородское муниципальное образование Выхино-Жулебино, улица Хлобыстова, земельный участок 16/2/1 (Зоны 1.1, 1.2, 1.3)",в строительстве,ДГП,"ФОНД ""РЕНОВАЦИИ""","АО ""Москапстрой""",30.11.2026,29,21-40,отсутствует,V,,V,,,,,,V,,V,,V,06.04.2026
343,https://dashboard-stroi.mos.ru/dashboard/1278,HH6797-10-0003-001,021-0506,"Жилой дом с инженерными сетями и благоустройством территории (со сносом жилого здания по адресу: ул. Профсоюзная д.37) по адресу: г. Москва, внутригородское муниципальное образование Черемушки, улица Профсоюзная, земельный участок 37, зоны 6.1 и 6.2, ЮЗАО",в строительстве,ДГП,"ФОНД ""РЕНОВАЦИИ""","ООО ""КОНЦЕРН МОНАРХ""",30.04.2026,77,61-80,отсутствует,V,,V,,,,,,,,V,,V,06.04.2026
344,https://dashboard-stroi.mos.ru/dashboard/1452,TT0000-15-0244-001,018-0195,"Многоуровневая транспортная развязка на пересечении Северного дублера Кутузовского проспекта, Шелепихинской набережной и Третьего транспортного кольца. Этап 2",в строительстве,ДСТИИ,"ГКУ ""УДМС""","ООО ""ИФСК АРКС""",30.06.2026,97,81-100,отсутствует,V,,,,,,,,,,V,,V,25.03.2026
345,https://dashboard-stroi.mos.ru/dashboard/1538,TT0000-15-0403-001,021-0521,"Строительство многоуровневой транспортной развязки и мостовых сооружений на территории Мневниковской поймы с примыканием к Северо-Западной хорде с необходимыми для их функционирования подъездными дорогами, с переустройством инженерных сетей и коммуникаций (1 этап). Строительство мостового сооружения через р. Москва в створе улицы Мясищева",в строительстве,ДСТИИ,"ГКУ ""УДМС""","АО ""ДИМ""",30.06.2026,97,81-100,отсутствует,V,,,,,,,,,,V,,V,25.03.2026
346,https://dashboard-stroi.mos.ru/dashboard/1562,TT0000-10-0017-002,018-0011,"""Жилой дом с инженерными сетями и благоустройством территории I этап: Инженерное обеспечение внеплощадочных коммуникаций дождевой канализации от К2-17 до № 6, перекладки хозбытовой канализации от К1 сущ. до К13 сущ.; II этап: Жилой дом с инженерными сетями и благоустройством территории по адресу: г. Москва, район Косино-Ухтомский, улица Камова, влд.24 (Восточный административный округ)""",в строительстве,ДГП,"ФОНД ""РЕНОВАЦИИ""","ООО ""СТРОЙНИК""",28.2.2026,99,81-100,отсутствует,V,,,,,,,,,,V,,V,06.04.2026
347,https://dashboard-stroi.mos.ru/dashboard/1563,HI7802-10-0004-002,025-1003,"Участие в долевом строительстве многоквартирного дома в целях реализации Программы реновации жилищного фонда в городе Москве по адресу: г. Москва, внутригородское муниципальное образование Зюзино, ул. Одесская, земельный участок 6; 6/1. Зона 1.3 (корпус 2) (Юго-Западный административный округ)",в строительстве,ДГП,"ФОНД ""РЕНОВАЦИИ""","ООО ""СПЕЦИАЛИЗИРОВАННЫЙ ЗАСТРОЙЩИК УЛИЦА ОДЕССКАЯ""",30.8.2026,53,41-60,отсутствует,V,,V,,,,,,V,,V,,V,06.04.2026
348,https://dashboard-stroi.mos.ru/dashboard/1660,TT0000-13-1432-001,025-0095,"Строительство и реконструкция магистральной улицы общегородского значения ""Мамыри - Пенино - Шарапово"", 1 очередь «Николо-Хованская ул. - а/д ""М-3 Украина - Середнево - Марьино – Десна» (Искуственные сооружения) в части исполнения этапов 5, 7, 8, 9, 10, 11",в строительстве,ДСТИИ,"ГКУ ""УДМС""","АО ""МСУ-1""",27.05.2026,87,81-100,Май 2026,V,,V,,,,,,,,V,,V,24.03.2026
349,https://dashboard-stroi.mos.ru/dashboard/1705,HH6035-10-0001-001,024-0264,"Приобретение жилых помещений, создаваемых в многоквартирных домах, предназначенных для переселения граждан при реализации Программы реновации жилищного фонда в городе Москве, по адресу: САО, район Хорошевский, 3-й Хорошевский пр-д, вл. 5, корпус 1",в строительстве,ДГП,"ФОНД ""РЕНОВАЦИИ""","ООО ""СЗ ДАНИАН""",30.11.2026,4,0-5,отсутствует,V,,,,,,,,V,,V,,V,06.04.2026
350,https://dashboard-stroi.mos.ru/dashboard/6,HG4790-10-0001-001,022-0363,"Жилой дом с инженерными сетями и благоустройством территории по адресу: г. Москва, внутригородское муниципальное образование Головинское, Авангардная улица, земельный участок 12 (Зона 4.1)",в строительстве,ДГП,"ФОНД ""РЕНОВАЦИИ""","ООО ""КРОСТ-Д""",29.03.2027,1,0-5,отсутствует,V,,,,,,,,,,V,,V,06.04.2026
351,https://dashboard-stroi.mos.ru/dashboard/34,IH5973-10-0001-001,021-0351,"""Жилой дом с инженерными сетями и благоустройством территории по адресу: г. Москва, район Косино-Ухтомский, улица Оренбургская, земельный участок 26"" (Восточный административный округ)""",в строительстве,ДГП,"ФОНД ""РЕНОВАЦИИ""","ООО ""АРС-СТРОЙ""",30.12.2026,12,6-20,отсутствует,V,,,,,,,,V,,V,,V,06.04.2026
352,https://dashboard-stroi.mos.ru/dashboard/143,IG0473-10-0002-001,020-0037,"""Жилой дом с приспособлением подземной автостоянки на 7150 мест под защитное сооружение гражданской обороны - ""укрытие"" (ЗСГО), с инженерными сетями и благоустройством территории (со сносом жилых зданий по адресам: ул. Тайнинская, д.3 и д.5) по адресу: г. Москва, ул. Тайнинская, з/у 3 (ул. Тайнинская., вл. 3) (Северо-Восточный административный округ)",в строительстве,ДГП,"ФОНД ""РЕНОВАЦИИ""","ООО ""СТРОЙНИК""",30.06.2027,4,0-5,отсутствует,V,,,,,,,,V,,V,,V,06.04.2026
353,https://dashboard-stroi.mos.ru/dashboard/148,IH1662-10-0001-001,023-0255,"""Жилой дом с подземной автостоянкой, инженерными сетями и благоустройством территории (со сносом жилого дома по адресу: ул. Нижегородская, д.94 к.2) по адресу: г. Москва, внутригородское муниципальное образование Нижегородское, Нижегородская улица, земельный участок 92А (Юго-Восточный административный округ)"" (зона № 2.4).",в строительстве,ДГП,"ФОНД ""РЕНОВАЦИИ""","ООО ""Интегра-Групп""",30.03.2027,2,0-5,отсутствует,V,,,,,,,,,,V,,V,06.04.2026
354,https://dashboard-stroi.mos.ru/dashboard/178,HG6275-10-0002-001,021-0143,"Приобретение объектов недвижимости по адресу: г. Москва, САО, район Бескудниковский, Бескудниковский бульвар з/у 46, зона 3.3",в строительстве,ДГП,"ООО ""СЗ БСК-Строй""","ООО ""СЗ БСК-Строй"" (ГК ФСК)",29.03.2027,3,0-5,отсутствует,V,,,,,,,,V,,V,,V,06.04.2026
355,https://dashboard-stroi.mos.ru/dashboard/190,IH3817-10-0001-001,023-0181,"Жилые дома с инженерными сетями, подземной автостоянкой с приспособлением под защитное сооружение гражданской обороны населения типа «укрытие» (ЗСГО) и благоустройством территории (со сносом жилых зданий, по адресам: Сиреневый бульвар, д.27, к.2; Сиреневый бульвар, д.29, к.1, Сиреневый бульвар, д.29, к.2) по адресу: г. Москва, внутригородское муниципальное образование Северное Измайлово, Сиреневый бульвар, земельный участок 29 (Восточный административный округ)",в строительстве,ДГП,"ФОНД ""РЕНОВАЦИИ""","ООО ""ГП-МФС""",30.03.2027,1,0-5,отсутствует,V,,,,,,,,,,V,,V,06.04.2026
356,https://dashboard-stroi.mos.ru/dashboard/207,HH4067-10-0001-002,018-0028,"""Жилой дом с инженерными сетями и благоустройством территории"" по адресу: г. Москва, район Фили-Давыдково, ул. Давыдковская, вл. 16 (Западный административный округ города Москвы)",в строительстве,ДГП,"ФОНД ""РЕНОВАЦИИ""","ООО ""СТРОЙНИК""",30.3.2027,4,0-5,отсутствует,V,,,,,,,,V,,V,,V,06.04.2026
357,https://dashboard-stroi.mos.ru/dashboard/265,TT0000-99-7700-001,022-0084,"«Жилой дом с инженерными сетями и благоустройством территории» по адресу: город Москва, внутригородское муниципальное образование Академическое, Большая Черемушкинская, земельный участок 26 (Юго-Западный административный округ).",в строительстве,ДГП,"ФОНД ""РЕНОВАЦИИ""","ООО ""Капитель""",31.05.2027,2,0-5,отсутствует,V,,,,,,,,,,V,,V,06.04.2026
358,https://dashboard-stroi.mos.ru/dashboard/285,HH9624-10-0001-001,023-0218,"Приобретение жилых помещений, создаваемых в многоквартирных домах, предназначенных для переселения граждан при реализации Программы реновации жилищного фонда в городе Москве, по адресу: г. Москва, район Сокольники, ул. Сокольнический Вал, вл. 2а, корпус 2",в строительстве,ДГП,"ООО ""СЗ СОКОЛЬНИЧЕСКИЙ ВАЛ 2А""","ООО ""СЗ СОКОЛЬНИЧЕСКИЙ ВАЛ 2А""",30.12.2027,2,0-5,отсутствует,V,,,,,,,,,,V,,V,06.04.2026
359,https://dashboard-stroi.mos.ru/dashboard/286,TT0000-10-0803-001,023-0109,"«Жилой дом с инженерными сетями и благоустройством территории по адресу: г. Москва, поселение Первомайское, посёлок Птичное, Центральная улица, земельный участок 3А (Центральная ул., вблизи д.3) (Троицкий административный округ)»",в строительстве,ДГП,"ФОНД ""РЕНОВАЦИИ""","АО ""ХК ГВСУ ЦЕНТР""",30.06.2027,0,0-5,отсутствует,V,,,,,,,,,,V,,V,06.04.2026
360,https://dashboard-stroi.mos.ru/dashboard/324,TT0000-99-7984-001,021-0540,"«Жилой дом с подземной автостоянкой с инженерными сетями и благоустройством территории (со сносом жилых домов по адресам: ул. Матросова, д. 21, ул. Матросова, д. 23, ул. Матросова, д. 25, ул. Матросова, д. 27, ул. Матросова, д. 29)» по адресу: г. Москва, внутригородское муниципальное образование Солнцево, улица Матросова, земельный участок 29/1 (Матросова ул., вл. 21-29) (Западный административный округ)",в строительстве,ДГП,"ФОНД ""РЕНОВАЦИИ""","ООО ""Капитель""",30.12.2026,34,21-40,отсутствует,V,,V,,,,,,V,,V,,V,06.04.2026
361,https://dashboard-stroi.mos.ru/dashboard/330,IH2496-10-0003-001,024-0070,"Жилой дом с подземной автостоянкой с инженерными сетями и благоустройством территории (со сносом жилого здания по адресу: ул. Судакова, 16/47, нежилых зданий по адресам: ул. Судакова, 16/47. к. 1; ул. Судакова, 18А) по адресу: г. Москва, внутригородское муниципальное образование Люблино, улица Судакова, земельный участок 16/47 (Юго-Восточный административный округ)».",в строительстве,ДГП,"ФОНД ""РЕНОВАЦИИ""","ООО ""ГП-МФС""",30.11.2026,0,0-5,отсутствует,V,,,,,,,,,,V,,V,19.03.2026
362,https://dashboard-stroi.mos.ru/dashboard/331,IH2596-10-0001-001,024-0065,"Жилой дом с подземной автостоянкой с инженерными сетями и благоустройством территории (со сносом жилых зданий по адресам: ул. Армавирская, 23/18; ул. Армавирская, 25) по адресу: г. Москва, внутригородское муниципальное образование Люблино, улица Судакова, земельный участок 18/23 (Юго-Восточный административный округ)",в строительстве,ДГП,"ФОНД ""РЕНОВАЦИИ""","ООО ""ГП-МФС""",30.11.2026,0,0-5,отсутствует,V,,,,,,,,,,V,,V,19.03.2026
363,https://dashboard-stroi.mos.ru/dashboard/364,TT0000-99-8294-001,022-0384,"«Жилой дом с инженерными сетями и благоустройством территории (со сносом жилых домов по адресам: ул. Матвеевская, д.20, корп.1; ул. Матвеевская, д.24) по адресу: г. Москва, внутригородское муниципальное образование Очаково-Матвеевское, улица Матвеевская, земельный участок 24 (Матвеевская ул., вл. 20-1, 24) (Западный административный округ)»",в строительстве,ДГП,"ФОНД ""РЕНОВАЦИИ""","ООО ""СТР КОНСТРАКШН""",30.09.2027,14,6-20,отсутствует,V,,,,,,,,V,,V,,V,06.04.2026
364,https://dashboard-stroi.mos.ru/dashboard/367,IG1477-10-0001-001,023-0136,"""Жилые дома с инженерными сетями и благоустройством территории (со сносом нежилого здания по адресу: Ярославское шоссе, дом 126А)"" по адресу: г. Москва, внутригородское муниципальное образование Ярославское, улица Проходчиков, земельный участок 3 (улица Проходчиков, вл.3), (Северо-Восточный административный округ)",в строительстве,ДГП,"ФОНД ""РЕНОВАЦИИ""","ООО ""ЕВРОМЕТСТРОЙ""",31.12.2027,0,0-5,отсутствует,V,,,,,,,,,,V,,V,06.04.2026
365,https://dashboard-stroi.mos.ru/dashboard/375,HH4902-10-0001-002,023-1067,"""Многоквартирный жилой дом по адресу: г. Москва, внутригородское муниципальное образование Войковское, улица Адмирала Макарова, земельный участок 2 (Северный административный округ)""",в строительстве,ДГП,"ФОНД ""РЕНОВАЦИИ""","""СЗ ЭНЕРГОПЛАН-1""",31.3.2027,2,0-5,отсутствует,V,,,,,,,,,,V,,V,06.04.2026
366,https://dashboard-stroi.mos.ru/dashboard/377,TT0000-99-7717-001,021-0502,"Жилой дом с подземной автостоянкой с приспособлением под защитное сооружение гражданской обороны –«укрытие» (ЗСГО), со встроенно-пристроенными нежилыми этажами, инженерными сетями, благоустройством территории (со сносом жилых зданий по адресам: Открытое ш., д. 27, корп. 4; Открытое ш., д. 27, корп. 5; Открытое ш., д. 27, корп. 6; Открытое ш., д. 27, корп. 7) по адресу: г. Москва, внутригородское муниципальное образование Метрогородок, шоссе Открытое, земельный участок 27/6/7 (участок 11.2)",в строительстве,ДГП,"ФОНД ""РЕНОВАЦИИ""","АО ""МСУ-1"" (ГК ФСК)",30.12.2027,2,0-5,отсутствует,V,,,,,,,,,,V,,V,06.04.2026
367,https://dashboard-stroi.mos.ru/dashboard/398,HH2267-99-0002-001,022-0626,"Жилые дома с подземной автостоянкой с инженерными сетями и благоустройством территории (со сносом жилых зданий по адресу: ул. Кубинка 16 к.2, ул. Кубинка 16 к.3) по адресу: г. Москва, Можайский район, улица Кубинка, земельный участок 16/2 (ул. Кубинка вл. 16-1), Западный администртивный округ",в строительстве,ДГП,"ФОНД ""РЕНОВАЦИИ""","ООО ""СЗ Реновация""",1.12.2027,0,0-5,отсутствует,V,,,,,,,,,,V,,V,06.04.2026
368,https://dashboard-stroi.mos.ru/dashboard/399,IH3244-10-0001-001,022-0474,"«Жилой дом с инженерными сетями и благоустройством территории (со сносом жилого здания по адресу: 2-я Владимирская ул., д.15, к.2) по адресу: г. Москва, внутригородское муниципальное образование Перово, 2-я Владимирская улица, земельный участок 15/2» (Восточный административный округ)",в строительстве,ДГП,"ФОНД ""РЕНОВАЦИИ""","АО ""ХК ГВСУ ЦЕНТР""",30.9.2027,1,0-5,отсутствует,V,,,,,,,,,,V,,V,06.04.2026
369,https://dashboard-stroi.mos.ru/dashboard/401,TT0000-10-0716-001,022-0379,"Жилой дом с инженерными сетями и благоустройством территории (со сносом жилого дома по адресу: ул. Судостроительная, д.7, корп.1) по адресу: г. Москва, внутригородское муниципальное образование Нагатинский затон, улица Судостроительная, земельный участок 7/1/3 (ул. Судостроительная, вл.7, корп.1), Южный административный округ",в строительстве,ДГП,"ФОНД ""РЕНОВАЦИИ""","ООО ""ЕВРОМЕТСТРОЙ""",28.2.2027,0,0-5,отсутствует,V,,,,,,,,,,V,,V,06.04.2026
370,https://dashboard-stroi.mos.ru/dashboard/402,IH4846-10-0001-001,023-0676,"Жилой дом с инженерными сетями и благоустройством территории (со сносом жилых зданий по адресам: Сапёрный проезд, д.14, к.1, Сапёрный проезд, д.14, к.2, Сапёрный проезд, д.14, к.3 и трансформаторной подстанции по адресу: Сапёрный проезд, д. 14, к. 3, стр. 1) по адресу: г. Москва, внутригородское муниципальное образование Ивановское, проезд Саперный, земельный участок 14 (Восточный административный округ)",в строительстве,ДГП,"ФОНД ""РЕНОВАЦИИ""","ООО ""МС-77""",31.03.2027,0,0-5,отсутствует,V,,,,,,,,,,V,,V,06.04.2026
371,https://dashboard-stroi.mos.ru/dashboard/417,TT0000-10-0799-001,023-0225,"«Жилой дом с инженерными сетями и благоустройством территории (со сносом многоквартирных жилых домов по адресам: Анненская ул., д.5, д.9, д.7, к.1, д.7, к.2) по адресу: г. Москва, внутригородское муниципальное образование Марьина Роща, Анненская улица, земельный участок 9 (Анненская ул., вл. 5, 7, 9), Северо-Восточный административный округ»",в строительстве,ДГП,"ФОНД ""РЕНОВАЦИИ""","ООО ""СТРОИТЕЛЬНОЕ УПРАВЛЕНИЕ 214""",30.11.2026,10,6-20,отсутствует,V,,,,,,,,V,,V,,V,06.04.2026
372,https://dashboard-stroi.mos.ru/dashboard/420,IH3213-10-0001-001,023-1134,"«Жилой дом с подземной автостоянкой с инженерными сетями и благоустройством территории (со сносом жилых домов по адресам: Амурская ул., д. 28; д. 26) по адресу: район Гольяново, мкр. 1-2, зона 2.1» (Восточный административный округ).",в строительстве,ДГП,"ООО ""СЗ ГОЛЬЯНОВО""","ООО ""СЗ ГОЛЬЯНОВО""",30.12.2027,0,0-5,отсутствует,V,,,,,,,,,,V,,V,06.04.2026
373,https://dashboard-stroi.mos.ru/dashboard/421,IH3312-10-0001-001,023-1135,"Приобретение объектов недвижимости по адресу: г. Москва, ВАО, район Гольяново, мкр. 1-2, зона 2.2",в строительстве,ДГП,"ООО ""СЗ ГОЛЬЯНОВО""","ООО ""СЗ ГОЛЬЯНОВО""",30.12.2027,0,0-5,отсутствует,V,,,,,,,,,,V,,V,06.04.2026
374,https://dashboard-stroi.mos.ru/dashboard/422,IH3412-10-0001-001,023-1138,"Приобретение объектов недвижимости по адресу: г. Москва, ВАО, район Гольяново, мкр. 1-2, зона 3.1",в строительстве,ДГП,"ООО ""СЗ ГОЛЬЯНОВО""","ООО ""СЗ ГОЛЬЯНОВО""",30.12.2027,0,0-5,отсутствует,V,,,,,,,,,,V,,V,07.04.2026
375,https://dashboard-stroi.mos.ru/dashboard/423,IH3412-10-0003-001,023-1139,"Приобретение объектов недвижимости по адресу: г. Москва, ВАО, район Гольяново, мкр. 1-2, зона 3.2",в строительстве,ДГП,"ООО ""СЗ ГОЛЬЯНОВО""","ООО ""СЗ ГОЛЬЯНОВО""",30.12.2027,0,0-5,отсутствует,V,,,,,,,,,,V,,V,07.04.2026
376,https://dashboard-stroi.mos.ru/dashboard/438,HG9595-10-0002-001,023-1092,"«Многоквартирный дом с инженерными сетями и благоустройством территории по адресу: г. Москва, внутригородское муниципальное образование Ростокино, ул. Докукина, земельный участок 10/2 (Северо-Восточный административный округ)»",в строительстве,ДГП,"ФОНД ""РЕНОВАЦИИ""","ООО ""СЗ СТР РЕНОВАЦИЯ""",31.03.2027,9,6-20,отсутствует,V,,,,,,,,V,"03.04.2025
Бетон",V,,V,07.04.2026
377,https://dashboard-stroi.mos.ru/dashboard/441,HH1757-10-0001-001,024-0225,"«Жилой дом с инженерными сетями и благоустройством территории» по адресу: г. Москва, внутригородское муниципальное образование Кунцево, Молодогвардейская улица, 54 с.19 (Молодогвардейская ул., вл. 54, 58) (Западный административный округ) «1 этап»»",в строительстве,ДГП,"ФОНД ""РЕНОВАЦИИ""","ООО ""ПТС-Р""",31.03.2027,1,0-5,отсутствует,V,,,,,,,,,,V,,V,07.04.2026
378,https://dashboard-stroi.mos.ru/dashboard/450,IH2261-10-0002-001,023-0106,"""Жилой дом с инженерными сетями и благоустройством территории по адресу: г. Москва, внутригородское муниципальное образование Нижегородское, Рязанский проспект, земельный участок 17 (Рязанский пр-т, вл. 17) (Юго-Восточный административный округ)""",в строительстве,ДГП,"ФОНД ""РЕНОВАЦИИ""","ООО ""СЗ НСТ""",31.3.2027,0,0-5,отсутствует,V,,,,,,,,,,V,,V,07.04.2026
379,https://dashboard-stroi.mos.ru/dashboard/454,TT0000-99-7853-001,021-0476,"Жилой дом с подземной автостоянкой, с инженерными сетями и благоустройством территории по адресу: г. Москва, внутригородское муниципальное образование Богородское, ул. Тюменская (Тюменская ул., вл.5).",в строительстве,ДГП,"ФОНД ""РЕНОВАЦИИ""","ООО ""УЭЗ-СТРОЙ""",30.6.2027,5,0-5,отсутствует,V,,,,,,,,V,,V,,V,07.04.2026
380,https://dashboard-stroi.mos.ru/dashboard/587,IH0136-08-0001-001,024-0736,"Школьное здание на 1000 мест на месте сноса здания по адресу: пр-д Елоховский, д.1, стр. 5, стр. 6, р-н Басманный",в строительстве,ДГС,"АНО ""РСИ""","ООО ""ГЛАВКАПСТРОЙ""",30.6.2027,1,0-5,Июнь 2027,V,,,,,,,,,,V,,V,17.03.2026
381,https://dashboard-stroi.mos.ru/dashboard/588,HH3985-08-0001-001,023-0091,"Здание образовательной организации на 1000 мест на месте сноса зданий, р-н Очаково-Матвеевское, ул. Большая Очаковская, влд. 4",в строительстве,ДГС,"АНО ""РСИ""","ООО ""ГЛАВКАПСТРОЙ""",31.7.2026,31,21-40,Июль 2026,V,,V,,,,,,V,,V,,V,16.03.2026
382,https://dashboard-stroi.mos.ru/dashboard/589,TT0000-08-0261-001,023-0350,"Школьное здание на 1000 мест, Алтуфьевское ш., влд. 53, р-н Алтуфьевский",в строительстве,ДГС,"АНО ""РСИ""","ООО ""ГЛАВКАПСТРОЙ""",31.7.2026,43,41-60,Июль 2026,V,,V,,,,,,V,,V,,V,16.03.2026
383,https://dashboard-stroi.mos.ru/dashboard/605,HH7039-08-0001-001,024-0737,"Здание образовательной организации максимальной вместимости (не менее 675 мест) на месте сноса существующего школьного здания по адресу: ул. Климашкина, д. 13б, стр. 1, р-н Пресненский",в строительстве,ДГС,"АНО ""РСИ""","ООО ""ГЛАВКАПСТРОЙ""",30.06.2027,2,0-5,Июнь 2027,V,,,,,,,,,,V,,V,17.03.2026
384,https://dashboard-stroi.mos.ru/dashboard/614,HI8641-01-0001-001,016-3807,"Административное здание по адресу: ул. Дорожная, влд.13 А, р-н Чертаново-Южное",в строительстве,ДГС,"АНО ""РСИО""","ООО ""АРТСТРОЙТЕХНОЛОГИЯ""",30.11.2027,8,6-20,Ноябрь 2027,V,,,,,,,,V,,V,,V,19.03.2026
385,https://dashboard-stroi.mos.ru/dashboard/627,TT0000-99-8312-001,022-0516,"Жилой дом с инженерными коммуникациями и благоустройством, р-н Фили-Давыдково, Давыдковская ул., влд.10А (со сносом жилого дома по адресу: Давыдковская ул., д.10, к.4)",в строительстве,ДГС,"""КП УГС""","ООО ""ГК СУ-555""",31.12.2027,54,41-60,Декабрь 2027,V,,V,,,,,,V,,V,,V,19.03.2026
386,https://dashboard-stroi.mos.ru/dashboard/665,GK4505-08-0001-001,023-0786,"Здание образовательной организации на 1450 мест (1200 школьных и 250 дошкольных), пос. Вороновское",в строительстве,ДГС,"АНО ""РСИ""","ООО ""ГК СУ-555""",30.06.2027,27,21-40,Июнь 2027,V,,V,,,,,,V,,V,,V,20.03.2026
387,https://dashboard-stroi.mos.ru/dashboard/667,HI1136-05-0001-001,024-0552,"Детско-взрослая поликлиника на 750 посещений в смену по адресу: г. Москва, г. Московский, район Тепличного комбината № 1, третий микрорайон, квартал 1",в строительстве,ДГС,"АНО ""РСИ""","ООО ""ГК СУ-555""",31.12.2027,4,0-5,Декабрь 2027,V,,,,,,,,V,,V,,V,20.03.2026
388,https://dashboard-stroi.mos.ru/dashboard/716,TT0000-99-8183-004,023-0095,Транспортная развязка на пересечении МКАД с Алтуфьевским шоссе. Очистные сооружения,в строительстве,ДСТИИ,"ГКУ ""УДМС""","АО ""МИСК""",31.03.2027,18,6-20,Март 2027,V,,,,,,,,V,,V,,V,25.03.2026
389,https://dashboard-stroi.mos.ru/dashboard/749,TT0000-99-1222-001,018-0132,Строительство эстакады по основному ходу ш.Энтузиастов на пересечении со Свободным пр-ктом и Большим Купавенским пр.,в строительстве,ДСТИИ,"ГКУ ""УДМС""","АО ""ГК ЕКС""",30.06.2027,44,41-60,Июнь 2027,V,,V,,,,,,V,,V,,V,25.03.2026
390,https://dashboard-stroi.mos.ru/dashboard/807,II1533-15-0001-001,023-0562,Участок улично-дорожной сети от Каширского шоссе до Елецкой улицы,в строительстве,ДСТИИ,"ГКУ ""УДМС""","ООО ""ФИРМА ГЕРА""",21.04.2027,19,6-20,Апрель 2027,V,,,,,,,,V,,V,,V,25.03.2026
391,https://dashboard-stroi.mos.ru/dashboard/825,HI7175-99-0001-001,018-0241,Строительство искусственного сооружения через железнодорожные пути Курского направления Московской железной дороги для соединения 2-ой Мелитопольской ул. с Веневской ул.,в строительстве,ДСТИИ,"ГКУ ""УДМС""","АО ""ДИМ""",31.03.2027,0,0-5,Март 2027,V,,,,,,,,,,V,,V,25.03.2026
392,https://dashboard-stroi.mos.ru/dashboard/857,HH6146-15-0001-001,025-0155,"Реконструкция ул. Антонова-Овсеенко и прилегающей улично-дорожной сети для обеспечения транспортной доступности
 «Сити-2» 1 этап ТЕХНИЧЕСКИЙ ПУСК",в строительстве,ДСТИИ,"ГКУ ""УДМС""","АО ""ГК ЕКС""",30.9.2026,9,6-20,"Тех.пуск- Май 2026/
 РВ-Сентябрь 2026",V,,,,,,,,V,"01.04.2026
 Нерудный материал (песок) ",V,,V,25.03.2026
393,https://dashboard-stroi.mos.ru/dashboard/862,HH4149-15-0001-001,023-0495,Транспортная развязка и мостовые сооружения на территории Мневниковской поймы с примыканием к Северо-Западной хорде. Пешеходный мост Фили,в строительстве,ДСТИИ,"ГКУ ""УДМС""","АО ""ДИМ""",15.8.2027,4,0-5,Август 2027,V,,,,,,,,,,V,,V,25.03.2026
394,https://dashboard-stroi.mos.ru/dashboard/864,HH3447-15-0001-001,023-0434,Транспортная развязка и мостовые сооружения на территории Мневниковской поймы с примыканием к Северо-Западной хорде. Пешеходный мост на ул.Островная,в строительстве,ДСТИИ,"ГКУ ""УДМС""","АО ""ДИМ""",03.09.2027,6,6-20,Сентябрь 2027,V,,,,,,,,V,,V,,V,25.03.2026
395,https://dashboard-stroi.mos.ru/dashboard/1002,TT0000-13-0146-005,023-1160,Прокладка водопровода Д1000 мм от д. Сосенки до города Троицк со строительством регулирующих водопроводных узлов «Станиславль» и «Красная Пахра» Этап 5.1.4 Водопровод-уход на ВЗУ «Ботаково»,в строительстве,ДСТИИ,"ГКУ ""УДМС""","АО ""СК ФЛАН-М""",30.7.2027,15,6-20,Июль 2027,V,,,,,,,,,,V,,V,25.03.2026
396,https://dashboard-stroi.mos.ru/dashboard/1003,TT0000-13-0146-004,023-0120,"Прокладка водопровода Д1000 мм от деревни Сосенки до города Троицк со строительством регулирующих водопроводных узлов «Станиславль» и «Красная Пахра» (этап 5.1: водовод - уход на ВЗУ «Ботаково» и ВЗУ «Микрорайон В») этап 5.1.1: реконструкция ВЗУ
 «Микрорайон В",в строительстве,ДСТИИ,"ГКУ ""УДМС""","АО ""СК ФЛАН-М""",30.07.2027,10,6-20,Июль 2027,V,,,,,,,,,,V,,V,25.03.2026
397,https://dashboard-stroi.mos.ru/dashboard/1004,TT0000-13-0146-007,023-0122,Прокладка водопровода Д1000 мм от деревни Сосенки до города Троицк со строительством регулирующих водопроводных узлов «Станиславль» и «Красная Пахра» (этап 5.2: водопровод - уход на ВЗУ «ИЯИ» и ВЗУ «ФИАН») этап 5.2.1: реконструкция ВЗУ «ИЯИ»,в строительстве,ДСТИИ,"ГКУ ""УДМС""","АО ""СК ФЛАН-М""",30.07.2027,24,21-40,Июль 2027,V,,,,,,,,,,V,,V,25.03.2026
398,https://dashboard-stroi.mos.ru/dashboard/1016,HH3472-13-0001-001,012-2103,"Реконструкция Сетуньских групповых очистных сооружений поверхностных и близких к ним по составу производственных сточных вод, ул. Верейская, д. 10, к. 4",в строительстве,ДСТИИ,"ГКУ ""УДМС""","АО ""СК ФЛАН-М""",30.11.2027,71,61-80,Ноябрь 2027,V,,V,,,,,,,,V,,V,25.03.2026
399,https://dashboard-stroi.mos.ru/dashboard/1027,TT0000-99-6616-001,023-0249,Развитие улично-дорожной сети Молжаниновского района. Этап 1.1,в строительстве,ДСТИИ,"ГКУ ""УДМС""","ООО ""ТК РУСЛАН-1""",31.08.2026,23,21-40,Август 2026,V,,,,,,,,V,,V,,V,25.03.2026
400,https://dashboard-stroi.mos.ru/dashboard/1311,HG5169-10-0001-001,025-0763,"Приобретение жилых помещений, создаваемых в многоквартирном доме в целях реализации Программы реновации жилищного фонда в городе Москве по адресу: Российская Федерация, город Москва, вн.тер.г. муниципальный округ Западное Дегунино, Ижорская ул., вл. 8",в строительстве,ДГП,"АО ""Специализированный застройщик Ижорская""","АО ""Специализированный застройщик Ижорская""",15.11.2027,0,0-5,отсутствует,V,,,,,,,,,,V,,V,07.04.2026
401,https://dashboard-stroi.mos.ru/dashboard/1314,HG5071-10-0003-001,025-0775,"Приобретение жилых помещений, создаваемых в многоквартирном доме в целях реализации Программы реновации жилищного фонда в городе Москве по адресу: Российская Федерация, город Москва, вн.тер.г. муниципальный округ Западное Дегунино, Ижорская ул.",в строительстве,ДГП,"АО ""Специализированный застройщик Ижорская""","АО ""Специализированный застройщик Ижорская""",15.11.2027,0,0-5,отсутствует,V,,,,,,,,,,V,,V,07.04.2026
402,https://dashboard-stroi.mos.ru/dashboard/558,TT0000-99-0756-001,019-0681,"Завершение строительства многофункционального спортивного комплекса по адресу: ул. Москворечье, д. 4, к. 1 (на месте сноса существующего объекта) (проектирование и завершение строительства)",в строительстве,ДГС,"АНО ""РСИО""","АО ""ГК ЕКС""",31.07.2027,16,6-20,Июль 2027,V,,,,,,,,V,,V,,V,20.03.2026
403,https://dashboard-stroi.mos.ru/dashboard/243,HH3808-10-0002-001,025-0040,"""Жилой дом с инженерными сетями и благоустройством территории (со сносом жилого здания по адресу: Сосновая аллея, д.4) по адресу: г. Москва, внутригородское муниципальное образование Покровское-Стрешнево, аллея Сосновая, земельный участок 4 (Северо-Западный административный округ)""",в строительстве,ДГП,"ФОНД ""РЕНОВАЦИИ""","АО ""МЕЖРЕГИОНОПТТОРГ""",30.12.2026,0,0-5,отсутствует,V,,,,,,,,,,V,,V,07.04.2026
404,https://dashboard-stroi.mos.ru/dashboard/822,HI8815-15-0001-001,024-0274,"Строительство улично-дорожной сети с искусственными сооружениями и переустройством инженерных коммуникаций на участке от ул. Каспийской до 1-го Котляковского пер. Мероприятия по интеграции АСУДД в ИТС г. Москвы""",в строительстве,ДСТИИ,"ГКУ ""УДМС""","ООО ""ФИРМА ГЕРА""",30.11.2026,100,,Ноябрь 2026,V,,,,,,,,,,V,,V,26.03.2026
405,https://dashboard-stroi.mos.ru/dashboard/1116,HH9667-13-0002-001,016-1513,Строительство искусственного сооружения в русле реки Москвы с реконструкцией Крутицкой набережной (1 этап),в строительстве,ДСТИИ,"ГКУ ""УДМС""","АО ""МИСК""",30.10.2026,50,41-60,Октябрь 2026,V,,V,,,,,,V,,V,,V,26.03.2026
406,https://dashboard-stroi.mos.ru/dashboard/1117,TT0000-15-0448-001,022-0447,Строительство искусственного сооружения в русле реки Москвы с реконструкцией Крутицкой набережной (2 этап),в строительстве,ДСТИИ,"ГКУ ""УДМС""","АО ""МИСК""",30.10.2026,56,41-60,Октябрь 2026,V,,V,,,,,,V,,V,,V,26.03.2026
407,https://dashboard-stroi.mos.ru/dashboard/713,TT0000-99-8202-001,019-0132,Многоуровневые транспортные развязки на пересечении Северо-Восточной хорды с 5-м проездом Подбельского и Открытым шоссе. Этап 2.,в строительстве,ДСТИИ,"ГКУ ""УДМС""","АО ""МСУ-1""",12.11.2027,20,6-20,Ноябрь 2027,V,,,,,,,,V,,V,,V,24.03.2026
408,https://dashboard-stroi.mos.ru/dashboard/754,TT0000-15-0521-001,023-0403,Проезд между ул. Нижняя и проектируемым проездом № 1808,в строительстве,ДСТИИ,"ГКУ ""УДМС""","ООО ""ФИРМА ГЕРА""",31.08.2026,1,0-5,Август 2026,V,,,,,,,,,,V,,V,26.03.2026
409,https://dashboard-stroi.mos.ru/dashboard/686,HI3956-02-0001-001,024-0171,"Колледж в Коммунарке на территории Административно-делового центра в п. Коммунарка, пос. Сосенское (Новомосковский административный округ г. Москвы)",в проектировании,ДГС,"АНО ""РСИ""","ООО ""ГЛАВКАПСТРОЙ""",31.7.2028,0,Начало СМР 2 квартал 2026,Июль 2028,V,,,,,,,,,,V,,V,17.03.2026
410,https://dashboard-stroi.mos.ru/dashboard/1164,HH7178-02-0001-001,025-0729,"Головной центр компетенций станкоинструментальной промышленности для ФГАОУ ВО ""МГТУ ""СТАНКИН"" на территории Административно-делового центра в п. Коммунарка, пос. Сосенское (Новомосковский административный округ г. Москвы)",в строительстве,ДГС,"АНО ""РСИ""","ООО ""ГЛАВКАПСТРОЙ""",30.3.2027,1,0-5,Март 2027,V,,,,,,,,,,V,,V,17.03.2026
411,https://dashboard-stroi.mos.ru/dashboard/945,TT0000-99-4356-001,020-0703,Межмузейный многофункциональный Депозитарно-выставочный комплекс для музеев федерального и городского ведения на территории Административно-делового центра в п.Коммунарка,в строительстве,ДГС,"АНО ""РСИ""","ООО ""ГЛАВКАПСТРОЙ""",31.07.2028,0,0-5,Июль 2028,V,,,,,,,,,,V,,V,20.03.2026
412,https://dashboard-stroi.mos.ru/dashboard/376,IH2342-10-0001-001,021-0056,"""Жилой дом с подземной автостоянкой, инженерными сетями, благоустройством территории (со сносом жилых зданий, по адресам: ул. Уткина, д. 44А; ул. Уткина, д. 44)"", по адресу: внутригородское муниципальное образование Соколиная Гора, улица Уткина, земельный участок 44 (зона 15.2) (Восточный административный округ)",в строительстве,ДГП,"ФОНД ""РЕНОВАЦИИ""","ООО ""МОСРЕНСТРОЙ-1""",30.9.2026,0,0-5,отсутствует,V,,,,,,,,,,V,,V,07.04.2026
413,https://dashboard-stroi.mos.ru/dashboard/850,HH8985-01-0002-001,023-0074,"Улично-дорожная сеть для транспортного обслуживания ОВД, пожарного депо и отстойно-разворотной площадки городского пассажирского транспорта со зданием конечной станции на территории публичного акционерного общества ""Завод имени И.А. Лихачева"". Этап 4",в строительстве,ДСТИИ,"ГКУ ""УДМС""","ООО ""Энергия ОМ""",30.12.2026,5,0-5,Декабрь 2026,V,,,,,,,,,,V,,V,27.03.2026
414,https://dashboard-stroi.mos.ru/dashboard/869,HG7292-15-0001-001,023-0272,Пешеходный переход через МЦД в районе Локомотивного проезда,в строительстве,ДСТИИ,"ГКУ ""УДМС""","АО ""ГК ЕКС""",30.06.2026,0,0-5,Июнь 2026,V,,,,,,,,,,V,,V,27.03.2026
415,https://dashboard-stroi.mos.ru/dashboard/921,HH7436-08-0001-001,024-0734,"Школьное здание на 1100 мест на месте сноса здания по адресам: Большой Кондратьевский пер., д. 3, д. 5, р-н Пресненский",в строительстве,ДГС,"АНО ""РСИ""","АО ""ГК ЕКС""",30.6.2027,0,0-5,Июнь 2027,V,,,,,,,,,,V,,V,20.03.2026
416,https://dashboard-stroi.mos.ru/dashboard/1155,TT0000-08-0272-001,025-0197,"«Здание образовательной организации (дошкольное образование) на 200 мест с инженерными сетями и благоустройством территории по адресу: г. Москва, внутригородское муниципальное образование Печатники, улица Шоссейная, земельный участок 90/1» (Юго-Восточный административный округ)",в строительстве,ДГП,"ФОНД ""РЕНОВАЦИИ""","ООО ""ГЛАВКАПСТРОЙ""",31.12.2026,0,0-5,отсутствует,V,,,,,,,,,,V,,V,07.04.2026
417,https://dashboard-stroi.mos.ru/dashboard/612,HH8297-05-0001-001,023-0806,"Детская городская поликлиника № 69 ДЗМ на 560 посещений в смену по адресу: г. Москва, ул. Нагорная, влд. 16, к. 1",в строительстве,ДГС,"АНО ""РСИ""","ООО ""ГЛАВКАПСТРОЙ""",30.11.2027,3,0-5,Ноябрь 2027,V,,,,,,,,V,,V,,V,17.03.2026
418,https://dashboard-stroi.mos.ru/dashboard/618,TT0000-05-0075-001,024-0701,"Центр детской нейрореабилитации и ортопедии с подземной парковкой на месте сноса корпуса № 9 ГБУЗ ""ДГКБ св.Владимира ДЗМ"" по адресу: ул. Рубцовско-Дворцовая, д. 1/3",в строительстве,ДГС,"АНО ""РСИ""","ООО ""Монарт Строй""",30.12.2027,1,0-5,Декабрь 2027,V,,,,,,,,,,V,,V,
419,https://dashboard-stroi.mos.ru/dashboard/801,TT0000-13-1622-001,025-0113,"Улично-дорожная сеть для транспортного обслуживания ОВД, пожарного депо и отстойно-разворотной площадки городского пассажирского транспорта со зданием конечной станции на территории публичного акционерного общества ""Завод имени И.А. Лихачева"" . Этап 5. ОС",в строительстве,ДСТИИ,"ГКУ ""УДМС""","ООО ""Энергия ОМ""",22.03.2027,1,0-5,Март 2027,V,,,,,,,,,,V,,V,31.03.2026
420,https://dashboard-stroi.mos.ru/dashboard/1523,TT0000-99-5967-003,022-0482,"Улично-дорожная сеть к ТПУ ""Терешково"", включая пр-д от ул. 50 лет Октября до ул. Татьянин парк",в строительстве,ДСТИИ,"ГКУ ""УДМС""","ООО ""Комплексный Энергосервис""",отсутствует,86,81-100,отсутствует,V,,V,,,,,,,,V,,V,27.03.2026
421,https://dashboard-stroi.mos.ru/dashboard/1573,HI5578-03-0001-001,025-0598,"Строительство улицы районного значения от ул. Южная до Залинейного пер. с выездами на Варшавское ш.» (благоустройство пруда, строительство контрольно-пропускного пункта, защита/реконструкция кабельных линий 35, 110, 220 кВ)",в строительстве,ДСТИИ,"ГКУ ""УДМС""","АО ""УКС ИКС И Д""",отсутствует,0,0-5,отсутствует,V,,,,,,,,,,V,,V,27.03.2026
422,https://dashboard-stroi.mos.ru/dashboard/1383,TT0000-15-0465-003,023-0097,"Строительство мостового сооружения через старое русло р. Москва с улично-дорожной сетью в южной части территории публичного акционерного общества ""Завод имени И.А. Лихачева"" с обустройством пешеходных переходов, отстойно-разворотной площадки, здания конечной станции городского пассажирского транспорта. Обустройство набережной р. Москва в районе территории публичного акционерного общества ""Завод имени И.А. Лихачева"" . Этап 2.2. Обустройство набережной Марка Шагала от МЦК до проектируемого проезда 7024",в строительстве,ДСТИИ,"ГКУ ""УДМС""","ООО ""СТРОЙМОНТАЖ""",30.06.2027,19,6-20,Июнь 2027,V,,,,,,,,V,,V,,V,17.03.2026
423,https://dashboard-stroi.mos.ru/dashboard/1484,TT0000-99-6655-001,025-0253,"Строительство многоуровневых транспортных развязок на пересечении автомобильной дороги ""Солнцево - Бутово-Видное"" с Боровским ш. и Киевским ш. с необходимой для их функционирования улично-дорожной сетью. Этап 2 (очистное сооружение №1)",в строительстве,ДСТИИ,"ГКУ ""УДМС""","АО ""ДИМ""",отсутствует,86,81-100,отсутствует,V,,V,,,,,,,,V,,V,27.03.2026
424,https://dashboard-stroi.mos.ru/dashboard/1218,HI3757-13-0001-001,025-0289,Строительство многоуровневой транспортной развязки на дороге «Солнцево-Бутово-Видное» и прилегающая улично-дорожная сеть. Этап 2. Переустройство ВЛ 110кВ и 220кВ,в строительстве,ДСТИИ,"ГКУ ""УДМС""","АО ""ГК ЕКС""",отсутствует,26,21-40,отсутствует,V,,V,,,,,,,,V,,V,#N/A
425,https://dashboard-stroi.mos.ru/dashboard/1384,HH9183-15-0001-001,025-0516,Строительство и реконструкция улично-дорожной сети ул. Лисицкого с переустройством сопутствующих коммуникаций,в строительстве,ДСТИИ,"ГКУ ""УДМС""","АО ""МСУ-1""",отсутствует,79,61-80,отсутствует,V,,V,,,,,,,,V,,V,24.03.2026
426,https://dashboard-stroi.mos.ru/dashboard/1455,TT0000-13-0414-001,018-0194,"Многоуровневая транспортная развязка на пересечении Северного дублера Кутузовского проспекта, Шелепихинской набережной и Третьего транспортного кольца. Этап 1.1",в строительстве,ДСТИИ,"ГКУ ""УДМС""","ООО ""ИФСК АРКС""",28.2.2026,100,,отсутствует,V,,,,,,,,,,V,,V,
427,https://dashboard-stroi.mos.ru/dashboard/1474,XX0000-00-0001-002,025-0509,"Капитальный ремонт пешеходного перехода ""Тестовский-1 ТТК""",в строительстве,ДСТИИ,"ГКУ ""УДМС""","ООО ""СМК Желдорстрой""",отсутствует,100,,отсутствует,V,,,,,,,,,,V,,V,31.03.2026
428,https://dashboard-stroi.mos.ru/dashboard/2059,HH6350-04-0001-001,Н/Д,"Национальный центр ""Россия"". Этап 1. Подготовка территории для строительства",в строительстве,МИП,"АО ""МОСИНЖПРОЕКТ""",ООО «МИП-Строй №1»,отсутствует,98,81-100,отсутствует,V,,,,,,,,,,V,,V,
429,https://dashboard-stroi.mos.ru/dashboard/1485,HH3674-15-0001-001,015-0527,Аминьевское ш. до развязки с ул.Генерала Дорохова. Этап 8.2. Очистные сооружения и инженерное обеспечение,в строительстве,ДСТИИ,"ГКУ ""УДМС""","ПАО ""МОСТОТРЕСТ""",отсутствует,100,,отсутствует,V,,,,,,,,,,V,,V,
430,https://dashboard-stroi.mos.ru/dashboard/630,HH9035-05-0002-002,023-0733,"Строительство нового корпуса Научно-исследовательского института скорой помощи им. Н.В.Склифосовского по адресу: Центральный административный округ г. Москвы, Мещанский р-н, Большая Сухаревская пл., д. 3 (II этап)",в строительстве,ДГС,"АНО ""РСИ""","АО ""ГК ЕКС""",30.09.2028,7,6-20,Сентябрь 2028,,,,,,,V,,V,,V,,V,
431,https://dashboard-stroi.mos.ru/dashboard/904,TT0000-99-3024-001,012-3552,"Реконструкция колумбариев Донского кладбища по адресу: Донская пл., влд. 1 (со сносом существующих сооружений)",в строительстве,ДГС,"АНО ""РСИО""","ООО ""СКР""",отсутствует,1,0-5,Декабрь 2028,V,,,,,,,,,,V,,V,
432,https://dashboard-stroi.mos.ru/dashboard/910,IH2583-05-0001-001,023-0837,"Строительство нового корпуса ГКБ им. В.П. Демихова по адресу: Юго-Восточный административный округ г. Москвы, р-н Текстильщики, ул. Шкулева, д. 4",в строительстве,ДГС,"АНО ""РСИ""","ООО ""Монарт Строй""",30.12.2028,4,0-5,Декабрь 2028,V,,,,,,,,V,,V,,V,31.03.2026
433,https://dashboard-stroi.mos.ru/dashboard/1087,TT0000-99-4056-001,025-0493,Строительство Дворца спорта на территории ОК «Лужники»,в строительстве,ДГС,"ООО ""Дворец Спорта""","АО ""Стройтрансгаз""",31.03.2028,9,6-20,отсутствует,V,,,,,,,,,,V,,V,31.03.2026
434,https://dashboard-stroi.mos.ru/dashboard/1119,TT0000-15-0431-001,022-0450,Строительство путепроводов на пересечении Октябрьского направления железной дороги и Савеловского направления Московской железной дороги на участке от Б. Академической ул. до ул. Академика Королева. Этап 2,в строительстве,ДСТИИ,"ГКУ ""УДМС""","АО ""МИСК""",31.12.2026,47,41-60,Декабрь 2026,V,,V,,,,,,V,,V,,V,27.03.2026
435,https://dashboard-stroi.mos.ru/dashboard/1133,IH0548-01-0001-001,025-0561,"Административное здание, расположенное по адресу: Таможенный пр-д, з/у 3/5",в строительстве,ДГС,"АНО ""РСИО""","ООО ""ГЛАВКАПСТРОЙ""",31.12.2027,18,6-20,Декабрь 2027,V,,,,,,,,V,,V,,V,17.03.2026
436,https://dashboard-stroi.mos.ru/dashboard/1242,TT0000-99-7595-001,018-0285,"Строительство многоуровневых транспортных развязок на участке магистрали «Солнцево-Бутово-Варшавское шоссе» от ТПУ «Столбово» до улицы Поляны с необходимой для их функционирования улично-дорожной сетью, этап 2.2.1, этап 2.2.2",в строительстве,ДСТИИ,"ГКУ ""УДМС""","ООО ""ФИРМА ГЕРА""",30.09.2027,1,0-5,Сентябрь 2027,V,,,,,,,,,,V,,V,31.03.2026
437,https://dashboard-stroi.mos.ru/dashboard/1359,TT0000-99-0274-001,018-0292,"Строительство проектируемых пр-дов от ул. Родниковая до ул. Волынская и пр-д от проектируемого пр-да №740 до пр-да от ул. Родниковая до ул. Волынская. Этап 1. Улично-дорожная сеть, инженерные коммуникации",в строительстве,ДСТИИ,"ГКУ ""УДМС""","АО ""ДСК Автобан""",31.07.2026,25,21-40,Июль 2026,V,,V,,,,,,V,,V,,V,31.03.2026
438,https://dashboard-stroi.mos.ru/dashboard/1382,TT0000-99-4928-001,014-2209,"Строительство железнодорожного путепровода, соединяющего ул. Менжинского с ул. Дудинка ул. Менжинского / ул. Дудинка",в строительстве,ДСТИИ,"ГКУ ""УДМС""","АО ""ДИМ""",30.06.2028,4,0-5,Июнь 2028,V,,,,,,,,,,V,,V,31.03.2026
439,https://dashboard-stroi.mos.ru/dashboard/1422,HG5286-10-0001-001,023-0275,"Жилые дома с приспособлением подземной автостоянки под защитное сооружение гражданской обороны – «укрытие» (ЗСГО) с инженерными сетями и благоустройством территории (со сносом жилых зданий по адресам: ул. Флотская, д. 66, корп. 1, ул. Флотская, д. 66, корп. 2, ул. Флотская, д. 66, корп. 3) по адресу: г. Москва, внутригородское муниципальное образование Головинское, улица Флотская, земельный участок 66/1, земельный участок 66/2, земельный участок 66/3, земельный участок 68 (Северный административный округ)",в строительстве,ДГП,"ФОНД ""РЕНОВАЦИИ""","АО ""МЕЖРЕГИОНОПТТОРГ""",отсутствует,5,0-5,отсутствует,V,,,,,,,,V,,V,,V,31.03.2026
440,https://dashboard-stroi.mos.ru/dashboard/1451,HI4059-15-0001-003,020-0236,"Строительство многоуровневых транспортных развязок на участке от МКАД до поселка Коммунарка с необходимой для их функционирования улично-дорожной сетью. Этап 1: ""Строительство улично-дорожной сети на участке от МКАД до поселка Коммунарка"" Очистные сооружения дождевого стока № 8",в строительстве,ДСТИИ,"ГКУ ""УДМС""","ООО ""ИФСК АРКС""",отсутствует,75,61-80,отсутствует,V,,V,,,,,,,,V,,V,31.03.2026
441,https://dashboard-stroi.mos.ru/dashboard/1483,HH6618-15-0001-001,023-0402,Строительство улицы 8 Марта от 2-го Амбулаторного проезда до 1-й улицы 8 Марта,в строительстве,ДСТИИ,"ГКУ ""УДМС""","АО ""ДИМ""",30.6.2028,2,0-5,Июнь 2028,V,,,,,,,,,,V,,V,31.03.2026
442,https://dashboard-stroi.mos.ru/dashboard/1487,HH6798-10-0002-001,021-0508,"Жилой дом с приспособлением подземной автостоянки под защитное сооружение гражданской обороны – «укрытие» (ЗСГО) с инженерными сетями и благоустройством территории (со сносом жилых зданий по адресу: ул. Гарибальди д.29 к.2, ул. Гарибальди д.29 к.3, ул. Гарибальди д.31, к.1) по адресу: г. Москва, внутригородское муниципальное образование Черемушки, улица Гарибальди, земельный участок 29, зоны 6.5 и 6.6, ЮЗАО",в строительстве,ДГП,"ФОНД ""РЕНОВАЦИИ""","ООО ""КОНЦЕРН МОНАРХ""",отсутствует,0,0-5,отсутствует,V,,,,,,,,,,V,,V,31.03.2026
443,https://dashboard-stroi.mos.ru/dashboard/1522,IH0484-15-0002-001,015-0468,"Симоновская наб. на участке от Южного речного вокзала до 2-го Южнопортового пр-да (с мостом) (улично-дорожная сеть к ""Парку развлечений"" (Нагатинская пойма) Этапы 1.1, 1.2, 1.3, 2, 3, 4",в строительстве,ДСТИИ,"ГКУ ""УДМС""","АО ""МОСИНЖПРОЕКТ""",отсутствует,20,6-20,отсутствует,V,,,,,,,,V,,V,,V,31.03.2026
444,https://dashboard-stroi.mos.ru/dashboard/1524,TT0000-15-0309-001,017-0346,Реконструкция ул. Донецкая (ЮР-3),в строительстве,ДСТИИ,"ГКУ ""УДМС""","АО ""МОСИНЖПРОЕКТ""",отсутствует,95,81-100,отсутствует,V,,V,,,,,,,,V,,V,31.03.2026
445,https://dashboard-stroi.mos.ru/dashboard/1540,TT0000-16-0213-001,024-0277,"Троицкая линия метрополитена станция метро ""Бачуринская"" - станция метро ""Коммунарка"". Линия метрополитена станция метро ""Коммунарка"" - станция метро ""Столбово"". Этап 4. ""Комплексное благоустройство"". Этап 4.1",в строительстве,ДСТИИ,"ГКУ ""УДМС""","АО ""МИСК""",отсутствует,100,,отсутствует,V,,,,,,,,,,V,,V,
446,https://dashboard-stroi.mos.ru/dashboard/1545,TT0000-15-0313-003,025-0254,Строительство мостового перехода через р. Москву и многоуровневой транспортной развязки на Каширском ш. на участке от ул. Каспийской до ул. Шоссейная с необходимой для их функционирования улично-дорожной сетью (ЮВХ-6) Этап 2.3,в строительстве,ДСТИИ,"ГКУ ""УДМС""","АО ""ДИМ""",отсутствует,99,81-100,отсутствует,V,,,,,,,,,,V,,V,31.03.2026
447,https://dashboard-stroi.mos.ru/dashboard/1547,HH8153-03-0001-001,012-0423,"Ремонтно-восстановительные работы по восстановлению прочностных и эксплуатационных характеристик стилобатной части с балюстрадой комплекса Храма Христа Спасителя по адресу: ул. Волхонка, д.15",в строительстве,ДСТИИ,"ГКУ ""УДМС""","АО ""ГК ЕКС""",30.10.2026,96,81-100,Октябрь 2026,V,,,,,,,,,,V,,V,03.03.2026
448,https://dashboard-stroi.mos.ru/dashboard/1559,TT0000-99-4805-001,018-0276,"Строительство искусственного сооружения через железнодорожные пути, соединяющего ул. Малыгина и Малыгинский пр-д",в строительстве,ДСТИИ,"ГКУ ""УДМС""","АО ""ГК ЕКС""",30.6.2028,1,0-5,Июнь 2028,V,,,,,,,,,,V,,V,31.03.2026
449,https://dashboard-stroi.mos.ru/dashboard/1560,TT0000-15-0535-003,026-0050,"Строительство многоуровневых транспортных развязок, в т.ч. с Курским направлением железной дороги, переустройство инженерных сетей и коммуникаций с необходимой для их функционирования улично-дорожной сетью на участке от Третьего транспортного кольца до ул. Люблинской с необходимой для их функционирования улично-дорожной сетью. Этап 1.1.3. Переустройство кабельных воздушных линий 110 кВ ПАО ""Россети Московский регион""",в строительстве,ДСТИИ,"ГКУ ""УДМС""","АО ""ГК ЕКС""",отсутствует,11,6-20,отсутствует,V,,,,,,,,,,V,,V,31.03.2026
450,https://dashboard-stroi.mos.ru/dashboard/1797,HH9633-01-0002-001,Н/Д,Капитальный ремонт Ленинградского вокзального комплекса,в строительстве,МИП,"ГУП ""МОСКОВСКИЙ МЕТРОПОЛИТЕН""","ООО ""МИП-Механизация""",отсутствует,82,81-100,отсутствует,,,,,,,V,,,,,,,
451,https://dashboard-stroi.mos.ru/dashboard/1585,HH6350-04-0001-002,Н/Д,"Национальный центр ""Россия"". Этап 2. Строительство здания",в строительстве,МИП,"АО ""МОСИНЖПРОЕКТ""",ООО «Велесстрой»,отсутствует,0,0-5,отсутствует,V,,,,,,,,,,V,,V,
452,https://dashboard-stroi.mos.ru/dashboard/1658,HI6116-10-0001-001,Н/Д,"Миклухо-Маклая ул., з/у 61 (со сносом ул. Введенского, д. 19, к.1; ул. Введенского, д. 19, к.2; ул. Введенского, д. 21; ул. Миклухо-Маклая, д. 61)",в строительстве,ДГП,"ФОНД ""РЕНОВАЦИИ""","АО ""МФС-6""",отсутствует,1,0-5,отсутствует,V,,,,,,,,,,V,,V,31.03.2026
453,https://dashboard-stroi.mos.ru/dashboard/1659,TT0000-99-7805-001,Н/Д,"ул. Николая Химушина з/у 19 (со сносом жилых зданий, по адресам:ул. Николая Химушина, д. 19, к. 1; ул. Николая Химушина, д. 19, к. 2; ул. Николая Химушина, д. 19, к. 3; ул. Николая Химушина, д. 21, к. 1; ул. Николая Химушина, д. 21, к. 2) (Николая Химушина ул., вл.19)",в строительстве,ДГП,"ФОНД ""РЕНОВАЦИИ""","АО ""МСУ-1""",отсутствует,2,0-5,отсутствует,V,,,,,,,,,,V,,V,31.03.2026
454,https://dashboard-stroi.mos.ru/dashboard/1681,IH3415-10-0003-001,023-0264,"3-я Парковая ул., з/у 50/1 (со сносом жилых зданий, по адресам: 3-я Парковая ул., д.50, к.1; 3-я Парковая ул., д.50, к.2; 3-я Парковая ул., д.50, к.3)",в строительстве,ДГП,"ФОНД ""РЕНОВАЦИИ""","ООО ""ГП-МФС""",отсутствует,0,0-5,отсутствует,V,,,,,,,,,,V,,V,
455,https://dashboard-stroi.mos.ru/dashboard/1682,HH6528-10-0001-001,025-0564,"Приобретение жилых помещений, создаваемых в многоквартирном доме, предназначенном для переселения граждан при реализации Программы реновации жилищного фонда в городе Москве по адресу: г. Москва, вн.тер.г. муниципальный округ Беговой, проезд 1-й Боткинский, участок 28 (САО)",в строительстве,ДГП,"ООО ""СЗ ЭНИМЕРОЗИ""","ООО ""СЗ ЭНИМЕРОЗИ""",отсутствует,0,0-5,отсутствует,V,,,,,,,,,,V,,V,
456,https://dashboard-stroi.mos.ru/dashboard/1697,HI6214-10-0001-001,025-0262,"«Жилой дом с подземной автостоянкой, с инженерными сетями и благоустройством территории» по адресу: г. Москва, внутригородское муниципальное образование Черемушки, ул. Введенского, вл. 13 (Юго-Западный административный округ)",в строительстве,ДГП,"ФОНД ""РЕНОВАЦИИ""","ООО ""ЕВРОМЕТСТРОЙ""",отсутствует,0,0-5,отсутствует,V,,,,,,,,,,V,,V,
457,https://dashboard-stroi.mos.ru/dashboard/1699,TT0000-10-0800-001,023-0230,"Жилой дом с инженерными сетями и благоустройством территории (со сносом многоквартирного жилого дома по адресу: ул. Стартовая, д. 5, к. 2) по адресу: г. Москва, внутригородское муниципальное образование Лосиноостровское, Стартовая улица, земельный участок 5/2 (Стартовая ул., вл. 5, корп. 2) Северо-Восточный административный округ.",в строительстве,ДГП,"ФОНД ""РЕНОВАЦИИ""","АО ""Грани города""",30.11.2026,11,6-20,отсутствует,V,,,,,,,,V,,V,,V,
458,https://dashboard-stroi.mos.ru/dashboard/1700,TT0000-99-8290-001,022-0380,"Жилой дом с инженерными сетями и благоустройством территории (со сносом жилого дома по адресу: 4-й Вешняковский проезд, д. 5, корп.1) по адресу: г. Москва, внутригородское муниципальное образование Рязанское, 4-й Вешняковский проезд, земельный участок 5/1 (4-й Вешняковский проезд, вл. 5, к. 1) (Юго-Восточный административный округ)",в строительстве,ДГП,"ФОНД ""РЕНОВАЦИИ""","АО ""Грани города""",30.11.2026,20,6-20,отсутствует,V,,,,,,,,V,,V,,V,31.03.2026
459,https://dashboard-stroi.mos.ru/dashboard/1701,IH1740-10-0002-001,025-0603,"Жилой дом с инженерными сетями и благоустройством территории (со сносом нежилых объектов капитального строительства по адресам: район Соколиная гора, ул. Буракова, д. 6А, строен. 2, 16; ул. Буракова, д. 6; ул. Буракова, д. 6, строен. 19), расположенный по адресу: Москва, район Соколиная гора, улица Буракова, земельный участок 6/1/1 (зона № 1.1)",в строительстве,ДГП,"ФОНД ""РЕНОВАЦИИ""","ООО ""Новые Строительные Технологии""",отсутствует,0,0-5,отсутствует,V,,,,,,,,,,V,,V,
460,https://dashboard-stroi.mos.ru/dashboard/1702,IH1741-10-0002-001,025-0604,"Жилой дом с инженерными сетями и благоустройством территории и подвалом с приспособлением его под защитное сооружение гражданской обороны укрытие"" на 1700 мест в период мобилизации и военное время, с установкой электросирены региональной системы оповещения населения города Москвы о чрезвычайных ситуациях на кровле здания (со сносом нежилых объетков капитального строительства по адресам: район Соколиная гора, ул. Буракова, д. 6, строен. 3, 4, 6, 8, 12, 16), расположенный по адресу: Москва, район Соколиная гора, улица Буракова, земельный участок 6/2/1 (зона № 2.1)""",в строительстве,ДГП,"ФОНД ""РЕНОВАЦИИ""","ООО ""Новые Строительные Технологии""",отсутствует,0,0-5,отсутствует,V,,,,,,,,,,V,,V,
461,https://dashboard-stroi.mos.ru/dashboard/1703,HG3394-10-0002-001,025-0605,"Жилой дом с инженерными сетями и благоустройством территории (со сносом нежилых объектов капитального строительства по адресам: район Соколиная гора, ул. Буракова, д. 6, строен. 2, 5; ул. Буракова, д. 2; ул. Буракова, д. 2, строен. 2, 3, 4, 5, 6, 10, 11; ул. Буракова, д. 6А, строен. 3, 4, 6, 9), расположенный по адресу: Москва, район Соколиная гора, улица Буракова, земельный участок 6/2/2 (зона № 2.2)",в строительстве,ДГП,"ФОНД ""РЕНОВАЦИИ""","ООО ""Новые Строительные Технологии""",отсутствует,0,0-5,отсутствует,V,,,,,,,,,,V,,V,
462,https://dashboard-stroi.mos.ru/dashboard/1704,HH8320-10-0003-001,023-0283,"Жилой дом с инженерными сетями и благоустройством территории (со сносом многоквартирных жилых домов по адресам: Октябрьская улица, дом 64, дом 66, дом 68) по адресу: г. Москва, внутригородское муниципальное образование Марьина Роща, Октябрьская улица, земельный участок 66А (Октябрьская ул., вл. 64, 66, 68), (Северо-Восточный административный округ)",в строительстве,ДГП,"ФОНД ""РЕНОВАЦИИ""","ООО ""ЕВРОМЕТСТРОЙ""",отсутствует,0,0-5,отсутствует,V,,,,,,,,,,V,,V,
463,https://dashboard-stroi.mos.ru/dashboard/1707,HH9023-99-0001-001,Н/Д,"Северо-Восточный участок БКЛ ст. «Электрозаводская» – ст. «Савеловская»
 2-й вестибюль ст. «Рижская»",в строительстве,МИП,"ГУП ""МОСКОВСКИЙ МЕТРОПОЛИТЕН""","АО ""Мосметрострой""",30.12.2028,46,41-60,Декабрь 2028,,,,,V,,,,,,,,,
464,https://dashboard-stroi.mos.ru/dashboard/1708,HH1857-10-0001-001,026-0042,"«Жилой дом с инженерными сетями и благоустройством территории» по адресу: г. Москва, внутригородское муниципальное образование Кунцево, Молодогвардейская улица, 54 с.19 (Молодогвардейская ул., вл. 54, 58) (Западный административный округ) «2 этап»»",в строительстве,ДГП,"ФОНД ""РЕНОВАЦИИ""","ООО ""ПТС-Р""",отсутствует,0,0-5,отсутствует,V,,,,,,,,,,V,,V,31.03.2026
465,https://dashboard-stroi.mos.ru/dashboard/1714,TT0000-99-8072-001,021-0426,"Жилой дом с приспособлением подземной автостоянки под защитное сооружение гражданской обороны – «укрытие» (ЗСГО) с инженерными сетями и благоустройством территории по адресу: г. Москва, внутригородское муниципальное образование Измайлово, Сиреневый бульвар, земельный участок 4/5 (участок 3.1)",в строительстве,ДГП,"ФОНД ""РЕНОВАЦИИ""","ООО ""ГП-МФС""",отсутствует,0,0-5,отсутствует,V,,,,,,,,,,V,,V,
466,https://dashboard-stroi.mos.ru/dashboard/1715,TT0000-99-7866-001,019-0501,"Жилой дом с приспособлением подземной автостоянки под защитное сооружение гражданской обороны – «укрытие» (ЗСГО) с инженерными сетями и благоустройством территории по адресу: г. Москва, внутригородское муниципальное образование Измайлово, Сиреневый бульвар, земельный участок 4/4 (участок 5.1)",в строительстве,ДГП,"ФОНД ""РЕНОВАЦИИ""","ООО ""ГП-МФС""",отсутствует,0,0-5,отсутствует,V,,,,,,,,,,V,,V,31.03.2026
467,https://dashboard-stroi.mos.ru/dashboard/1716,TT0000-15-0525-001,022-0087,"Строительство улицы местного значения от улицы Речников до Якорной улицы, шириной в красных линиях УДС 20,0 м, созданием парковочных мест и велодорожек (участок № 56) 0,22 км",в строительстве,ДГП,"ФОНД ""РЕНОВАЦИИ""","ООО ""МАГИСТРАЛЬ""",отсутствует,11,6-20,отсутствует,V,,,,,,,,V,,V,,V,31.03.2026
468,https://dashboard-stroi.mos.ru/dashboard/1717,TT0000-99-7991-001,021-0424,"«1-й этап реализации улично-дорожной сети проекта планировки территории по адресу: г. Москва, район Измайлово, Сиреневый бульвар, влд. 4, Восточный административный округ»",в строительстве,ДГП,"ФОНД ""РЕНОВАЦИИ""","ООО ""ГП-МФС""",отсутствует,80,61-80,отсутствует,V,,V,,,,,,,,V,,V,31.03.2026
469,https://dashboard-stroi.mos.ru/dashboard/1718,TT0000-15-0498-001,022-0478,"Строительство проезжей части улицы местного значения на участке от 9-й Парковой улицы до 11-й Парковой улицы шириной в красных линиях УДС – 20,00 м (Восточный административный округ)».",в строительстве,ДГП,"ФОНД ""РЕНОВАЦИИ""","ООО ""ГП-МФС""",отсутствует,60,41-60,отсутствует,V,,V,,,,,,,,V,,V,31.03.2026
470,https://dashboard-stroi.mos.ru/dashboard/1719,TT0000-99-8083-001,021-0432,"Строительство районной магистрали от Советской улицы до проектируемого проезда № 6602, за исключением участка напротив зон 4.1, 4.2, по адресу: район Измайлово, Сиреневый бульвар, вл. 4, зона 31» (Восточный административный округ).",в строительстве,ДГП,"ФОНД ""РЕНОВАЦИИ""","ООО ""ГП-МФС""",отсутствует,80,61-80,отсутствует,V,,V,,,,,,,,V,,V,31.03.2026
471,https://dashboard-stroi.mos.ru/dashboard/1720,HG6375-15-0001-002,022-0085,"Строительство участка улицы местного значения шириной в красных линиях 15 м «Проектируемый проезд №7965 (на участке от Коровинского шоссе до Дмитровского шоссе) и Проектируемый проезд №7964 (на участке от Бескудниковского бульвара до проектируемого проезда № 7965) микрорайонов 8,9 района Бескудниковский (1 этап)",в строительстве,ДГП,"ФОНД ""РЕНОВАЦИИ""","АО ""МСУ-1""",отсутствует,0,0-5,отсутствует,V,,,,,,,,,,V,,V,31.03.2026
472,https://dashboard-stroi.mos.ru/dashboard/1721,HH8385-10-0001-001,022-0440,"«Жилой дом с приспособлением подземной автостоянки под защитное сооружение гражданской обороны – «укрытие» (ЗСГО) на 1600 мест, с инженерными сетями и благоустройством территории (со сносом многоквартирных жилых домов по адресам: Севастопольский проспект, д.7, к.5; д.7, к.6)» по адресу: г. Москва, внутригородское муниципальное образование Донское, Севастопольский проспект, земельный участок 7/6 (участок 2.5) (ЮАО)",в строительстве,ДГП,"ФОНД ""РЕНОВАЦИИ""","ООО ""ПТС-Р""",отсутствует,0,0-5,отсутствует,V,,,,,,,,,,V,,V,31.03.2026
473,https://dashboard-stroi.mos.ru/dashboard/1722,TT0000-99-8081-001,021-0433,"Строительство проезда в жилой застройке от Советской улицы до проектируемого проезда № 6602, за исключением участков напротив зон 7.1, 7.2, по адресу: район Измайлово, Сиреневый бульвар, вл. 4, зона 27» (Восточный административный округ).",в строительстве,ДГП,"ФОНД ""РЕНОВАЦИИ""","ООО ""ГП-МФС""",отсутствует,5,0-5,отсутствует,V,,,,,,,,V,,V,,V,31.03.2026
474,https://dashboard-stroi.mos.ru/dashboard/1735,HH9480-16-0002-001,Н/Д,"Бирюлевская линия метрополитена , ст. ""ЗИЛ"" - ст. ""Бирюлёво"".1.2.4 этап. Подготовительные работы для организации строительства щитовой проходки соединительной ветки между Бирюлевской и Замоскворецкой линиями.",в строительстве,МИП,"ГУП ""МОСКОВСКИЙ МЕТРОПОЛИТЕН""","АО ""МОСИНЖПРОЕКТ""",10.09.2029,6,6-20,отсутствует,,,,,V,,,,,,,,,
475,https://dashboard-stroi.mos.ru/dashboard/1769,HH1221-16-0001-001,Н/Д,"Рублево-Архангельская линия ст. ""Шелепиха"" - ст. ""Ильинская""",в строительстве,МИП,"ГУП ""МОСКОВСКИЙ МЕТРОПОЛИТЕН""","АО ""ОБЪЕДИНЕНИЕ ИНГЕОКОМ""",11.9.2027,43,41-60,отсутствует,,,,,V,,,,V,,,,,
476,https://dashboard-stroi.mos.ru/dashboard/1770,HI4064-13-0001-001,Н/Д,"Троицкая линия ст. ""Новомосковская"" - ст. ""Троицк""",в строительстве,МИП,"ГУП ""МОСКОВСКИЙ МЕТРОПОЛИТЕН""","АО ""МОСИНЖПРОЕКТ""",30.12.2029,1,0-5,отсутствует,,,,,V,,,,,,,,,
477,https://dashboard-stroi.mos.ru/dashboard/1772,HH8431-16-0001-001,Н/Д,"Кольцевая линия ст. ""Достоевская""",в строительстве,МИП,"ГУП ""МОСКОВСКИЙ МЕТРОПОЛИТЕН""","АО ""Мосметрострой""",30.12.2030,46,41-60,Декабрь 2030,,,,,V,,,,V,,,,,
478,https://dashboard-stroi.mos.ru/dashboard/1773,HI6639-16-0001-001,Н/Д,"Бутовская линия ст. ""Улица Старокачаловская"" – ст. ""Битцевский парк"" 
 2-й вестибюль ст. ""Лесопарковая""",в строительстве,МИП,"ГУП ""МОСКОВСКИЙ МЕТРОПОЛИТЕН""","ООО ""МИП-Строй №1""",30.12.2026,43,41-60,Декабрь 2026,,,,,V,,,,,,,,,
479,https://dashboard-stroi.mos.ru/dashboard/1774,GH8620-16-0001-001,Н/Д,"Электродепо ""Ильинское""",в строительстве,МИП,"ГУП ""МОСКОВСКИЙ МЕТРОПОЛИТЕН""","ООО ""МЕГСТ""",31.12.2027,12,6-20,Декабрь 2027,,,,,V,,,,V,,,,,
480,https://dashboard-stroi.mos.ru/dashboard/1776,HI4519-10-0002-001,025-0365,"«Жилой дом с подземной автостоянкой, инженерными сетями и благоустройством территории по адресу: г. Москва, район Теплый Стан, ул. Академика Виноградова, вл. 9 (Юго-Западный административный округ)»",в строительстве,ДГП,"ФОНД ""РЕНОВАЦИИ""","ООО ""ГП-Реновация""",отсутствует,0,0-5,отсутствует,V,,,,,,,,,,V,,V,
481,https://dashboard-stroi.mos.ru/dashboard/1777,TT0000-99-8080-001,Н/Д,"Строительство районной магистрали от Советской улицы до проектируемого проезда № 6602, за исключением участка напротив зон 4.1, 4.2, по адресу: район Измайлово, Сиреневый бульвар, вл. 4, зона 31» (Восточный административный округ).",в строительстве,ДГП,"ФОНД ""РЕНОВАЦИИ""","ООО ""ГП-МФС""",отсутствует,1,0-5,отсутствует,V,,,,,,,,,,V,,V,
482,https://dashboard-stroi.mos.ru/dashboard/1779,HG7197-99-0001-001,019-0656,"Реконструкция Дмитровского путепровода. Этап 2. Переустройство инженерных сетей ОАО ""РЖД""",в строительстве,ДСТИИ,"ГКУ ""УДМС""","АО ""МСУ-1""",30.5.2026,66,61-80,Май 2026,V,,V,,,,,,V,,V,,V,31.03.2026
483,https://dashboard-stroi.mos.ru/dashboard/1781,TY0005-00-0002-001,Н/Д,"Троицкая линия метрополитена от станции метро «ЗИЛ» до станции метро «Крымская».
 Этап: «Благоустройство». Строительные площадки № 14, 15, 16",в строительстве,МИП,"ГУП ""МОСКОВСКИЙ МЕТРОПОЛИТЕН""","АО ""МОСИНЖПРОЕКТ""",11.9.2025,0,0-5,отсутствует,,,,,V,,,,,,,,,
484,https://dashboard-stroi.mos.ru/dashboard/1782,HH5698-16-0008-001,Н/Д,"Троицкая линия метрополитена станция метро «Новаторская» - станция метро «Бачуринская»
 Этап: «Благоустройство». Этап: «Строительство и благоустройство отстойно-разворотной площадки со зданием конечной станции вблизи станции метро «Славянский мир»",в строительстве,МИП,"ГУП ""МОСКОВСКИЙ МЕТРОПОЛИТЕН""","АО ""УРСТ""",отсутствует,83,81-100,отсутствует,,,,,V,,,,,,,,,
485,https://dashboard-stroi.mos.ru/dashboard/1785,HH7033-06-0001-008,026-0146,Конноспортивный комплекс БМКК ПРАДАР,в строительстве,ДГС,"ООО ""БМКК Прадар""",Н/Д,отсутствует,18,6-20,отсутствует,V,,,,,,,,,,V,,V,#N/A
486,https://dashboard-stroi.mos.ru/dashboard/1788,IH4773-16-0002-001,Н/Д,"Электродепо «Выхино» (реконструкция)
 Этап 2.1 Здание АВС и КТЦ",в строительстве,МИП,"ГУП ""МОСКОВСКИЙ МЕТРОПОЛИТЕН""","ООО ""МИП-Строй №1""",30.12.2026,44,41-60,Декабрь 2026,,,,,V,,,,,,,,,
487,https://dashboard-stroi.mos.ru/dashboard/1789,IH1959-16-0001-001,Н/Д,"Электродепо «Нижегородское» 
 Этап 3 Реконструкция электродепо для обеспечения 30 мест ночного отстоя",в строительстве,МИП,"ГУП ""МОСКОВСКИЙ МЕТРОПОЛИТЕН""","АО ""МОСПРОМСТРОЙ""",28.2.2026,99,81-100,Февраль 2026,,,,,V,,,,,,,,,
488,https://dashboard-stroi.mos.ru/dashboard/1790,TT0000-13-1076-001,Н/Д,"ТПУ «Некрасовка»
 Этап 1 Подземные пешеходные переходы № 1,2,3. Благоустройство. Переустройство проезжей части и тротуара ул. Рождественская. Переустройство опоры двойного назначения - 1 шт.",в строительстве,МИП,"ГУП ""МОСКОВСКИЙ МЕТРОПОЛИТЕН""","ООО ""МИП-Строй №1""",30.4.2026,100,,Апрель 2026,V,,,,,,,,,,,,,
489,https://dashboard-stroi.mos.ru/dashboard/1791,IH6974-99-0001-001,022-0239,"ТПУ «Лухмановская»
 Этап 1.1 ОРП, здание ОРП, парковка, УДС, павильоны НГПТ, благоустройство",в строительстве,МИП,"ГУП ""МОСКОВСКИЙ МЕТРОПОЛИТЕН""","ООО ""МИП-Строй №1""",30.4.2026,98,81-100,Апрель 2026,V,,,,,,,,,,,,,
490,https://dashboard-stroi.mos.ru/dashboard/1792,IH6974-16-0001-001,022-0240,"ТПУ «Лухмановская»
 Этап 1.2 УДС, ОРП",в строительстве,МИП,"ГУП ""МОСКОВСКИЙ МЕТРОПОЛИТЕН""","ООО ""МИП-Строй №1""",30.4.2026,99,81-100,Апрель 2026,V,,,,,,,,,,,,,
491,https://dashboard-stroi.mos.ru/dashboard/1794,TT0000-99-4888-001,Н/Д,"ТПУ «Лианозово»
 Этап 1 УДС улицы Псковская, Дубнинская и Лианозовского проезда. Подземный пешеходный переход через Псковскую улицу. ОРП для электробусов на Дмитровском шоссе. Парковка АМПП.",в строительстве,МИП,"ГУП ""МОСКОВСКИЙ МЕТРОПОЛИТЕН""","АО ""Мосметрострой""",30.4.2026,99,81-100,Апрель 2026,V,,,,,,,,,,,,,
492,https://dashboard-stroi.mos.ru/dashboard/1796,HH5633-15-0001-002,Н/Д,"ТПУ ""Хорошевская"" . Этап 1.2.1: Этап выделен из этапа 1.2. Очистное сооружение - 150 м²",в строительстве,МИП,"ГУП ""МОСКОВСКИЙ МЕТРОПОЛИТЕН""","ООО ""МИП-Строй №1""",отсутствует,100,,отсутствует,V,,,,,,,,,,,,,
493,https://dashboard-stroi.mos.ru/dashboard/1798,HI4063-16-0001-001,Н/Д,"Троицкая линия ст. «Новаторская» - ст. «Коммунарка»
 Этап 2.13 Объединенное здание эксплуатационного персонала на станции «Столбово» (ОЗЭП)",в строительстве,МИП,"ГУП ""МОСКОВСКИЙ МЕТРОПОЛИТЕН""","АО ""УРСТ""",отсутствует,91,81-100,отсутствует,,,,,V,,,,,,,,,
494,https://dashboard-stroi.mos.ru/dashboard/1799,TT0000-16-0106-037,Н/Д,"Троицкая линия ст. «Новаторская» - ст. «Коммунарка»
 Этап 1.5 Строительство и благоустройство ОРП со зданием конечной станции вблизи ст. «Тютчевская»",в строительстве,МИП,"ГУП ""МОСКОВСКИЙ МЕТРОПОЛИТЕН""","АО ""УРСТ""",отсутствует,99,81-100,отсутствует,,,,,V,,,,,,,,,
496,https://dashboard-stroi.mos.ru/dashboard/1941,TT0000-99-7685-038,018-0368,"Рублево-Архангельская линия ст. «Шелепиха» – ст. «Бульвар Генерала Карбышева» (ст. «Звенигородская», ст. «Народное Ополчение», ст. «Бульвар Генерала Карбышева»)",в строительстве,МИП,"ГУП ""МОСКОВСКИЙ МЕТРОПОЛИТЕН""","АО ""ОБЪЕДИНЕНИЕ ИНГЕОКОМ""",30.09.2026,79,61-80,Сентябрь 2026,,,,,V,,,,,,,,,
497,https://dashboard-stroi.mos.ru/dashboard/1942,HH3753-99-0001-001,Н/Д,"Рублево-Архангельская линия ст. ""Звенигородская""",в строительстве,МИП,"ГУП ""МОСКОВСКИЙ МЕТРОПОЛИТЕН""","АО ""ОБЪЕДИНЕНИЕ ИНГЕОКОМ""",30.9.2026,76,61-80,отсутствует,,,,,V,,,,,,,,,
498,https://dashboard-stroi.mos.ru/dashboard/1943,TT0000-99-7685-032,Н/Д,"Рублево-Архангельская линия ст. ""Народное ополчение""",в строительстве,МИП,"ГУП ""МОСКОВСКИЙ МЕТРОПОЛИТЕН""","АО ""ОБЪЕДИНЕНИЕ ИНГЕОКОМ""",30.9.2026,86,81-100,отсутствует,,,,,V,,,,,,,,,
499,https://dashboard-stroi.mos.ru/dashboard/1944,TT0000-99-7685-009,Н/Д,"Рублево-Архангельская линия ст. ""Бульвар Генерала Карбышева""",в строительстве,МИП,"ГУП ""МОСКОВСКИЙ МЕТРОПОЛИТЕН""","АО ""ОБЪЕДИНЕНИЕ ИНГЕОКОМ""",30.9.2026,75,61-80,отсутствует,,,,,V,,,,,,,,,
500,https://dashboard-stroi.mos.ru/dashboard/1945,YT1702-12-0027-001,018-0368,"Рублево-Архангельская линия ст. «Бульвар Генерала Карбышева» – ст. «Липовая Роща» (ст. «Серебряный Бор», ст. «Строгино», ст. «Липовая Роща»)",в строительстве,МИП,"ГУП ""МОСКОВСКИЙ МЕТРОПОЛИТЕН""","ООО ""Строймонтаж-14""",отсутствует,26,21-40,Сентябрь 2027,,,,,V,,,,,,,,,
501,https://dashboard-stroi.mos.ru/dashboard/1946,TT0000-99-7685-065,Н/Д,"Рублево-Архангельская линия ст. ""Серебряный Бор""",в строительстве,МИП,"ГУП ""МОСКОВСКИЙ МЕТРОПОЛИТЕН""","ООО ""Строймонтаж-14""",30.9.2027,41,41-60,отсутствует,,,,,V,,,,V,,,,,
502,https://dashboard-stroi.mos.ru/dashboard/1947,TT0000-99-7002-001,Н/Д,"Рублево-Архангельская линия ст. ""Строгино""",в строительстве,МИП,"ГУП ""МОСКОВСКИЙ МЕТРОПОЛИТЕН""","АО ""Мосметрострой""",30.09.2027,10,6-20,отсутствует,,,,,V,,,,V,,,,,
503,https://dashboard-stroi.mos.ru/dashboard/1948,TT0000-16-0218-002,Н/Д,"Рублево-Архангельская линия ст. ""Липовая роща""",в строительстве,МИП,"ГУП ""МОСКОВСКИЙ МЕТРОПОЛИТЕН""","АО ""Мосметрострой""",30.09.2027,32,21-40,отсутствует,,,,,V,,,,V,,,,,
504,https://dashboard-stroi.mos.ru/dashboard/1949,TT0000-16-0218-003,018-0368,"Рублево-Архангельская линия ст. «Липовая Роща» – ст. «Ильинская» (ст. «Рублево-Архангельское», ст. ""Новорижская"" («Ильинская»))",в строительстве,МИП,"ГУП ""МОСКОВСКИЙ МЕТРОПОЛИТЕН""","АО ""ОБЪЕДИНЕНИЕ ИНГЕОКОМ""",30.9.2027,26,21-40,Сентябрь 2027,,,,,V,,,,V,,,,,
505,https://dashboard-stroi.mos.ru/dashboard/1950,TT0000-16-0218-004,Н/Д,"Рублево-Архангельская линия ст. ""Рублево-Архангельское""",в строительстве,МИП,"ГУП ""МОСКОВСКИЙ МЕТРОПОЛИТЕН""","АО ""ОБЪЕДИНЕНИЕ ИНГЕОКОМ""",30.09.2027,44,41-60,отсутствует,,,,,V,,,,V,,,,,
506,https://dashboard-stroi.mos.ru/dashboard/1951,HH4430-16-0001-005,Н/Д,"Рублево-Архангельская линия ст. ""Новорижская"" («Ильинская»)",в строительстве,МИП,"ГУП ""МОСКОВСКИЙ МЕТРОПОЛИТЕН""","АО ""ОБЪЕДИНЕНИЕ ИНГЕОКОМ""",30.09.2027,21,21-40,отсутствует,,,,,V,,,,V,,,,,
507,https://dashboard-stroi.mos.ru/dashboard/1952,HH9983-16-0002-001,019-0582,"Бирюлевская линия ст. «ЗИЛ» - ст. «Курьяново» (ст. «ЗИЛ», ст. «Остров мечты»)",в строительстве,МИП,"ГУП ""МОСКОВСКИЙ МЕТРОПОЛИТЕН""","АО ""ОБЪЕДИНЕНИЕ ИНГЕОКОМ""",30.09.2028,26,21-40,Сентябрь 2028,,,,,V,,,,,,,,,
508,https://dashboard-stroi.mos.ru/dashboard/1953,HH9480-16-0003-001,Н/Д,Бирюлевская линия ст. «ЗИЛ»,в строительстве,МИП,"ГУП ""МОСКОВСКИЙ МЕТРОПОЛИТЕН""","АО ""ОБЪЕДИНЕНИЕ ИНГЕОКОМ""",30.09.2028,30,21-40,отсутствует,,,,,V,,,,V,,,,,
509,https://dashboard-stroi.mos.ru/dashboard/1954,TT0000-99-6309-001,Н/Д,Бирюлевская линия ст. «Остров мечты»,в строительстве,МИП,"ГУП ""МОСКОВСКИЙ МЕТРОПОЛИТЕН""","АО ""ОБЪЕДИНЕНИЕ ИНГЕОКОМ""",30.9.2028,21,21-40,отсутствует,,,,,V,,,,V,,,,,
510,https://dashboard-stroi.mos.ru/dashboard/1955,IH0188-16-0001-013,019-0582,"Бирюлевская линия ст. «ЗИЛ» - ст. «Курьяново» (ст. «Кленовый бульвар», ст. «Курьяново»)",в строительстве,МИП,"ГУП ""МОСКОВСКИЙ МЕТРОПОЛИТЕН""","АО ""Мосметрострой""",30.9.2028,7,6-20,Сентябрь 2028,,,,,V,,,,,,,,,
511,https://dashboard-stroi.mos.ru/dashboard/1956,IH0395-16-0001-001,Н/Д,Бирюлевская линия ст. «Кленовый бульвар»,в строительстве,МИП,"ГУП ""МОСКОВСКИЙ МЕТРОПОЛИТЕН""","АО ""Мосметрострой""",30.9.2028,13,6-20,отсутствует,,,,,V,,,,V,,,,,
512,https://dashboard-stroi.mos.ru/dashboard/1957,IH0188-16-0001-021,Н/Д,Бирюлевская линия ст. «Курьяново»,в строительстве,МИП,"ГУП ""МОСКОВСКИЙ МЕТРОПОЛИТЕН""","АО ""Мосметрострой""",30.9.2028,0,0-5,отсутствует,,,,,V,,,,,,,,,
513,https://dashboard-stroi.mos.ru/dashboard/1958,YT1702-12-0031-001,018-0365,"Троицкая линия ст. «Новомосковская» – ст. «Кедровая» (с веткой в депо, ст. «Сосенки», ст. «Ракитки», ст. «Десна», ст. «Кедровая»)",в строительстве,МИП,"ГУП ""МОСКОВСКИЙ МЕТРОПОЛИТЕН""","АО ""УРСТ""",отсутствует,2,0-5,Сентябрь 2029,,,,,V,,,,,,,,,
514,https://dashboard-stroi.mos.ru/dashboard/1959,TT0000-99-2236-003,Н/Д,Троицкая линия ст. «Сосенки»,в строительстве,МИП,"ГУП ""МОСКОВСКИЙ МЕТРОПОЛИТЕН""","АО ""УРСТ""",30.09.2029,6,6-20,отсутствует,,,,,V,,,,,,,,,
515,https://dashboard-stroi.mos.ru/dashboard/1960,II0142-16-0001-001,Н/Д,Троицкая линия ст. «Ракитки»,в строительстве,МИП,"ГУП ""МОСКОВСКИЙ МЕТРОПОЛИТЕН""","АО ""УРСТ""",30.09.2029,0,0-5,отсутствует,,,,,V,,,,,,,,,
516,https://dashboard-stroi.mos.ru/dashboard/1961,TT0000-99-2236-005,Н/Д,Троицкая линия ст. «Десна»,в строительстве,МИП,"ГУП ""МОСКОВСКИЙ МЕТРОПОЛИТЕН""","АО ""ОБЪЕДИНЕНИЕ ИНГЕОКОМ""",30.09.2029,1,0-5,отсутствует,,,,,V,,,,,,,,,
517,https://dashboard-stroi.mos.ru/dashboard/1962,TT0000-99-2236-006,Н/Д,Троицкая линия ст. «Кедровая»,в строительстве,МИП,"ГУП ""МОСКОВСКИЙ МЕТРОПОЛИТЕН""","АО ""ОБЪЕДИНЕНИЕ ИНГЕОКОМ""",30.9.2029,0,0-5,отсутствует,,,,,V,,,,,,,,,
518,https://dashboard-stroi.mos.ru/dashboard/1972,TT0000-99-2236-007,Н/Д,Троицкая линия ст. «Ватутинки»,в строительстве,МИП,"ГУП ""МОСКОВСКИЙ МЕТРОПОЛИТЕН""","АО ""ОБЪЕДИНЕНИЕ ИНГЕОКОМ""",30.12.2029,3,0-5,отсутствует,,,,,V,,,,,,,,,
519,https://dashboard-stroi.mos.ru/dashboard/1974,IH1646-16-0001-001,022-0251,"ТПУ «Авиамоторная». Этап 3: Строительство трамвайного кольца с конечной станцией, перронов посадки–высадки пассажиров НГПТ у вестибюля № 1, благоустройство, строительство трамвайных путей",в строительстве,МИП,"ГУП ""МОСКОВСКИЙ МЕТРОПОЛИТЕН""","АО ""Мосметрострой""",30.06.2026,53,41-60,Июнь 2026,V,,V,,,,,,V,,,,,
520,https://dashboard-stroi.mos.ru/dashboard/1975,HI0019-15-0002-001,020-0186,ТПУ «Рассказовка». Этап 2.1: Улично-дорожная сеть,в строительстве,МИП,"ГУП ""МОСКОВСКИЙ МЕТРОПОЛИТЕН""","ООО ""Мартстрой""",31.05.2026,92,81-100,Май 2026,V,,V,,,,,,,,,,,
521,https://dashboard-stroi.mos.ru/dashboard/1976,HI0018-99-0001-001,022-0147,ТПУ «Рассказовка». Этап 4: Многоуровневый перехватывающий наземный паркинг,в строительстве,МИП,"ГУП ""МОСКОВСКИЙ МЕТРОПОЛИТЕН""","ООО ""Строймонтаж-14""",31.05.2026,55,41-60,Май 2026,V,,V,,,,,,,,,,,
522,https://dashboard-stroi.mos.ru/dashboard/1977,TT0000-04-0300-001,Н/Д,"ТПУ «Авиамоторная». Этап 1: УДС, гранитное мощение, озеленение возле вестибюля № 1 ст. «Авиамоторная»",в строительстве,МИП,"ГУП ""МОСКОВСКИЙ МЕТРОПОЛИТЕН""","АО ""Мосметрострой""",отсутствует,100,,отсутствует,V,,,,,,,,,,,,,
523,https://dashboard-stroi.mos.ru/dashboard/1978,IH1547-04-0002-001,Н/Д,"ТПУ «Авиамоторная». Этап 4: УДС, гранитное мощение, озеленение",в строительстве,МИП,"ГУП ""МОСКОВСКИЙ МЕТРОПОЛИТЕН""","АО ""Мосметрострой""",отсутствует,100,,отсутствует,V,,,,,,,,,,,,,
524,https://dashboard-stroi.mos.ru/dashboard/1979,IH1131-13-0001-004,022-0263,ТПУ «Электрозаводская». Этап 1: Первоочередные мероприятия на пуск ст. «Электрозаводская»,в строительстве,МИП,"ГУП ""МОСКОВСКИЙ МЕТРОПОЛИТЕН""","АО ""Мосметрострой""",31.05.2027,94,81-100,Май 2027,V,,V,,,,,,,,,,,
525,https://dashboard-stroi.mos.ru/dashboard/1981,IH1874-99-0001-001,022-0279,ТПУ «Текстильщики». Этап 4: УДС. Строительство внутриквартального проезда для организации въезда/выезда к территории наземных парковок. Переустройство остановочного пункта НГПТ «Метро Текстильщики» с устройством заездного кармана. Формирование остановочного пункта на правоповоротном съезде с Люблинской улицы на Волгоградский пр.,в строительстве,МИП,"ГУП ""МОСКОВСКИЙ МЕТРОПОЛИТЕН""","ООО ""ГорИнжСтрой""",31.7.2027,93,81-100,Июль 2027,V,,V,,,,,,,,,,,
526,https://dashboard-stroi.mos.ru/dashboard/1982,IH1876-01-0001-001,022-0280,ТПУ «Текстильщики». Этап 5: Строительство здания Управления внутренних дел на Московском метрополитене и устройство наземной парковки.,в строительстве,МИП,"ГУП ""МОСКОВСКИЙ МЕТРОПОЛИТЕН""","ООО ""АРТ""",31.07.2027,41,41-60,Июль 2027,V,,V,,,,,,V,,,,,
527,https://dashboard-stroi.mos.ru/dashboard/1983,YT1702-12-0034-001,022-0279,ТПУ «Текстильщики». Этап 6: Снос объектов капитального строительства и устройство внешних инженерных сетей для здания УВД на Московском метрополитене,в строительстве,МИП,"ГУП ""МОСКОВСКИЙ МЕТРОПОЛИТЕН""","ООО ""АРТ""",31.07.2027,16,6-20,Июль 2027,V,,,,,,,,,,,,,
528,https://dashboard-stroi.mos.ru/dashboard/1985,YT1702-12-0036-001,022-0261,ТПУ «Лермонтовский проспект» («Косино»). Этап 1: Реконструкция ст. «Лермонтовский проспект». Демонтаж выхода № 1 вестибюля № 1,в строительстве,МИП,"ГУП ""МОСКОВСКИЙ МЕТРОПОЛИТЕН""","ООО ""МИП-Строй №1""",30.06.2027,0,0-5,Июнь 2027,V,,,,,,,,,,,,,
529,https://dashboard-stroi.mos.ru/dashboard/1986,IH5478-16-0001-001,022-0257,ТПУ «Лермонтовский проспект» («Косино»). Этап 1.1.1: Подземный распределительный уровень,в строительстве,МИП,"ГУП ""МОСКОВСКИЙ МЕТРОПОЛИТЕН""","ООО ""МИП-Строй №1""",30.6.2027,66,61-80,Июнь 2027,V,,V,,,,,,,,,,,
530,https://dashboard-stroi.mos.ru/dashboard/1987,IH5578-15-0001-005,022-0260,ТПУ «Лермонтовский проспект» («Косино»). Этап 1.1.3: Подземный пешеходный переход № 3,в строительстве,МИП,"ГУП ""МОСКОВСКИЙ МЕТРОПОЛИТЕН""","ООО ""ИРИС""",30.6.2027,78,61-80,Июнь 2027,V,,V,,,,,,,,,,,
531,https://dashboard-stroi.mos.ru/dashboard/1994,TT0000-15-0093-001,019-0090,"Строительство эстакад основного хода, многоуровневых транспортных развязок в районе станции метро ""Владыкино"", станции метро ""Ботанический сад"", эстакад-съездов Ярославского ш., мостов через р. Яузу, р. Лихоборку, переустройство инженерных сетей и коммуникаций, с реконструкцией/строительством улично-дорожной сети на участке от Ярославского ш. до Дмитровского ш. в рамках строительства Северо-Восточной хорды. Этап 4 (переустройство сетей АО «РЖД»)",в строительстве,ДСТИИ,"ГКУ ""УДМС""","АО ""ДИМ""",отсутствует,100,,отсутствует,V,,,,,,,,,,V,,V,31.03.2026
532,https://dashboard-stroi.mos.ru/dashboard/1995,HG7991-15-0002-001,023-1011,"Строительство эстакад основного хода, многоуровневых транспортных развязок в районе станции метро ""Владыкино"", станции метро ""Ботанический сад"", эстакад-съездов Ярославского ш., мостов через р. Яуза, р. Лихоборка, переустройство инженерных сетей и коммуникаций, с реконструкцией/строительством улично-дорожной сети на участке от Ярославского ш. до Дмитровского ш. в рамках строительства Северо-Восточной хорды. Транспортная безопасность. Этапы 2.4, 3.4",в строительстве,ДСТИИ,"ГКУ ""УДМС""","АО ""ДИМ""",отсутствует,10,6-20,отсутствует,V,,,,,,,,,,V,,V,31.03.2026
533,https://dashboard-stroi.mos.ru/dashboard/1996,TT0000-15-0213-001,017-0341,"Строительство эстакад основного хода, многоуровневых транспортных развязок в районе станции метро ""Владыкино"", станции метро ""Ботанический сад"", эстакад-съездов Ярославского ш., мостов через р. Яуза, р. Лихоборка, переустройство инженерных сетей и коммуникаций со строительством необходимых для их функционирования подъездных дорог на участке от Ярославского ш. до Дмитровского ш. Транспортные связи между Сигнального проезда до 3-го Нижнелихоборского проезда д.14, включая путепровод через ж/д разворотный на Сусоколовском шоссе и путепровод через ж/д на Сусоколовском шоссе. Этап 2.1, 2.2, 2.3",в строительстве,ДСТИИ,"ГКУ ""УДМС""","АО ""ДИМ""",отсутствует,100,,отсутствует,V,,,,,,,,,,V,,V,31.03.2026
534,https://dashboard-stroi.mos.ru/dashboard/2055,TT0000-15-0493-001,022-0639,"Строительство «Проектируемого проезда №4 шириной в красных линиях 15,0 м», г. Москва, район Зюзино, кв.40,41,42, от ул. Каховка до ул. Херсонская (Юго-западный административный округ)»",в строительстве,ДГП,"ФОНД ""РЕНОВАЦИИ""",ООО «ГП-МФС»,отсутствует,35,21-40,отсутствует,V,,V,,,,,,V,,V,,V,31.03.2026
535,https://dashboard-stroi.mos.ru/dashboard/741,TT0000-99-4090-001,019-0451,Пешеходный переход через МЦД-1 и ул. Бутырский Вал в районе д.48,в строительстве,ДСТИИ,"ГКУ ""УДМС""","АО ""МСУ-1""",31.12.2026,43,41-60,Декабрь 2026,V,,V,,,,,,V,,V,,V,24.03.2026
536,https://dashboard-stroi.mos.ru/dashboard/775,TT0000-15-0351-001,022-0054,Реконструкция Дмитровского ш. от Малого кольца Московской железной дороги до Коровинского ш. Очистное сооружение,в строительстве,ДСТИИ,"ГКУ ""УДМС""","ГУП ""МОСВОДОСТОК""",30.09.2026,55,41-60,Сентябрь 2026,V,,V,,,,,,V,,V,,V,23.03.2026
537,https://dashboard-stroi.mos.ru/dashboard/859,HH4759-99-0002-001,018-0342,Пешеходный переход через Северный дублер Кутузовского проспекта и железнодорожные пути Смоленского направления Московской железной дороги в районе д.22 по ул. Василисы Кожиной,в строительстве,ДСТИИ,"ГКУ ""УДМС""","АО ""МСУ-1""",30.12.2026,4,0-5,Декабрь 2026,V,,,,,,,,,,V,,V,24.03.2026
538,https://dashboard-stroi.mos.ru/dashboard/992,HH7208-99-0001-001,016-0746,"Технологическая часть ТПУ на станции метро ""Тимирязевская""",в строительстве,ДСТИИ,"ГКУ ""УДМС""","АО ""МСУ-1""",31.12.2026,76,61-80,Декабрь 2026,V,,V,,,,,,,,V,,V,24.03.2026
539,https://dashboard-stroi.mos.ru/dashboard/598,HH0592-01-0001-001,021-0342,Биотехнологическая лаборатория Московского научно-практического центра лабораторных исследований ДЗМ (проектирование и завершение строительства),в строительстве,ДГС,"АНО ""РСИ""","ООО ""СтройЭкоРесурс""",30.12.2027,24,21-40,Декабрь 2027,V,,,,,,,,V,,V,,V,20.03.2026
540,https://dashboard-stroi.mos.ru/dashboard/476,HG4793-10-0002-001,023-1121,"Жилой дом с приспособлением подземного гаража под защитное сооружение гражданской обороны – «укрытие» (ЗСГО) с инженерными сетями, благоустройством территории и размещением на кровле электросирены оповещения (со сносом жилых зданий по адресам: Авангардная ул., д. 6 корп.2) по адресу: г. Москва внутригородское муниципальное образование Головинское, Авангардная улица, земельный участок 6/1",в проектировании,ДГП,"ФОНД ""РЕНОВАЦИИ""","ООО ""КРОСТ-Д""",30.11.2027,0,Начало СМР по плану 1 квартал 2026,отсутствует,V,,,,,,,,,,V,,V,07.04.2026
541,https://dashboard-stroi.mos.ru/dashboard/477,HG4793-10-0001-001,023-1122,"Жилой дом с инженерными сетями и благоустройством территории (со сносом жилого здания по адресу: Авангардная ул., д.6, корп.3) по адресу: г. Москва, внутригородское муниципальное образование Головинское, Авангардная улица, земельный участок 6/2",в проектировании,ДГП,"ФОНД ""РЕНОВАЦИИ""","ООО ""КРОСТ-Д""",30.11.2027,0,Начало СМР 2 квартал 2026,отсутствует,V,,,,,,,,,,V,,V,07.04.2026
542,https://dashboard-stroi.mos.ru/dashboard/383,HH3405-10-0001-001,025-0030,"""Жилой дом с инженерными сетями и благоустройством территории (со сносом жилого здания по адресу: ул. Свободы, д.1, к.4) по адресу: г. Москва, внутригородское муниципальное образование Покровское-Стрешнево, улица Свободы, земельный участок 1/4 (Северо-Западный административный округ)""",в проектировании,ДГП,"ФОНД ""РЕНОВАЦИИ""","АО ""МЕЖРЕГИОНОПТТОРГ""",30.12.2026,0,Начало СМР по плану 1 квартал 2026,отсутствует,V,,,,,,,,,,V,,V,07.04.2026
543,https://dashboard-stroi.mos.ru/dashboard/1000,GI9435-13-0001-001,012-1468,"Строительство аварийно-регулирующего резервуара (АРР) при канализационно-насосной станции (КНС) «Внуковская» д. Лапшинка, пос. Московский",в проектировании,ДСТИИ,"ГКУ ""УДМС""","ООО ""СТРОЙМОНТАЖ""",30.11.2026,0,Начало СМР 2 квартал 2026,Ноябрь 2026,V,,,,,,,,,,V,,V,17.03.2026
544,https://dashboard-stroi.mos.ru/dashboard/599,TT0000-99-7952-001,022-0511,"Объект общественного назначения с гаражом, р-н Проспект Вернадского, кв-л. 32-33, 34-35",в строительстве,ДГС,"АНО ""РСИО""","ООО ""СКР""",30.11.2027,2,0-5,Ноябрь 2027,V,,,,,,,,,,V,,V,18.03.2026
545,https://dashboard-stroi.mos.ru/dashboard/1032,II0548-13-0001-001,022-0594,"Строительство Домодедовского кладбища, новые территории (3 этап), (Домодедовский р-н, Московская обл.)",в строительстве,ДГС,ДГС,"АО ""Москапстрой""",30.12.2026,13,6-20,Декабрь 2026,V,,,,,,,,V,,V,,V,19.03.2026
546,https://dashboard-stroi.mos.ru/dashboard/682,GI9217-04-0001-001,023-0789,"Многофункциональный культурно-досуговый центр, д. Рассказовка, пос. Внуковское",в строительстве,ДГС,"АНО ""РСИО""","ООО ""СКР""",30.09.2027,4,0-5,Декабрь 2027,V,,,,,,,,V,,V,,V,20.03.2026
547,https://dashboard-stroi.mos.ru/dashboard/909,TT0000-05-0066-001,022-0707,"Взрослая поликлиника на 750 посещений в смену, р-н Головинский, ул. Онежская, влд. 14Б",в проектировании,ДГС,"АНО ""РСИ""","ООО ""ТЕХНОКОНЦЕПТ""",02.07.2027,0,Начало СМР по плану 1 квартал 2026,Март 2028,V,,,,,,,,,,V,,V,20.03.2026
548,https://dashboard-stroi.mos.ru/dashboard/586,HH9232-08-0001-001,024-0733,"Школьное здание на 1100 мест на месте сноса зданий по адресам: Большая Переяславская ул., д.1, стр.1; пер. Астраханский, д.24, стр.4, р-н Мещанский",в строительстве,ДГС,"АНО ""РСИ""","АО ""ГК ЕКС""",31.05.2027,1,0-5,Май 2027,V,,,,,,,,,,V,,V,19.03.2026
549,https://dashboard-stroi.mos.ru/dashboard/507,TT0000-99-7460-001,020-0155,"Школа на 825 мест, р-н Бирюлево Восточное, ул. 6-я Радиальная, влд. 7, участок 18 (проектирование и завершение строительства)",работы приостановлены,ДГС,"АНО ""РСИ""",Н/Д,31.08.2026,70,61-80,Август 2026,V,,V,,,,,,,,V,,V,09.04.2026
550,https://dashboard-stroi.mos.ru/dashboard/600,TT0000-99-3478-001,019-0565,Пожарное депо в районе промзоны Руднево,в строительстве,ДГС,"""КП УГС""","ООО ""СКР""",31.12.2027,1,0-5,Декабрь 2027,V,,,,,,,,,,V,,V,31.03.2026
551,https://dashboard-stroi.mos.ru/dashboard/643,TT0000-99-0853-001,025-0070,"Строительство магистральной улицы районного значения ""Калужское ш. - д. Бачурино - а/д ""Солнцево – Бутово - Видное"" Этап 1.2",работы приостановлены,ДСТИИ,"ГКУ ""УДМС""","АО ""СУ-111""",30.09.2027,16,6-20,Сентябрь 2027,V,,,,,,,,V,,V,,V,26.03.2026
552,https://dashboard-stroi.mos.ru/dashboard/646,TT0000-15-0243-001,025-0077,Развитие улично-дорожной сети г.о. Троицк (1 этап). Этап 1.1. Строительство участка магистральной улицы общегородского значения от Октябрьского пр-кта до Калужского ш. Этап 1.2. Реконструкция ул. Заречная с организацией движения пассажирского транспорта,работы приостановлены,ДСТИИ,"ГКУ ""УДМС""","АО ""Центрдорстрой""",30.12.2026,51,41-60,Декабрь 2026,V,,V,,,,,,V,,V,,V,26.03.2026
553,https://dashboard-stroi.mos.ru/dashboard/650,TT0000-99-3824-001,024-0666,Строительство и реконструкция улично-дорожной сети в пос. Мосрентген с выездами на Калужское ш.,в строительстве,ДСТИИ,"ГКУ ""УДМС""","ООО ""ИФСК АРКС""",31.08.2026,97,81-100,отсутствует,V,,,,,,,,,,V,,V,
554,https://dashboard-stroi.mos.ru/dashboard/696,HI0236-13-0001-001,024-0641,"Строительство автомобильной дороги от автомобильной дороги ""Солцево-Бутово-Видное"" до ул. Родниковая, Торговая Этап 1.1",работы приостановлены,ДСТИИ,"ГКУ ""УДМС""","ООО ""Электротехсетьстрой""",30.09.2027,46,41-60,Сентябрь 2027,V,,V,,,,,,V,,V,,V,18.03.2026
555,https://dashboard-stroi.mos.ru/dashboard/714,TT0000-99-8200-001,024-0296,"Строительство проектируемого проезда № 3982 от Варшавского шоссе до Нагатин.наб. Этап 1. Пр.пр.№ 3982 от Варшавского шоссе до Пр.пр. № 8138 (дороги, переезд через трамвайные пути, пст, инж.комм)",работы приостановлены,ДСТИИ,"ГКУ ""УДМС""","ООО ""ФИРМА ГЕРА""",30.08.2026,27,21-40,Август 2026,V,,V,,,,,,V,,V,,V,26.03.2026
556,https://dashboard-stroi.mos.ru/dashboard/733,TT0000-99-7044-001,018-0262,Реконструкция ул. Генерала Дорохова на участке от транспортной развязки с Аминьевским ш. с реконструкцией Верейской улицы,работы приостановлены,ДСТИИ,"ГКУ ""УДМС""","АО ""Пусковой элемент""",30.12.2027,13,6-20,Июль 2027,V,,,,,,,,V,,V,,V,16.03.2026
557,https://dashboard-stroi.mos.ru/dashboard/961,HH5099-13-0001-001,012-1287,"Напорный трубопровод от Ново-Солнцевской канализационно-насосной станции (КНС) до Обручевского канала (1 пусковой комплекс) р-ны Солнцево, Тропарево-Никулино, Проспект Вернадского (1 этап)",работы приостановлены,ДСТИИ,"ГКУ ""УДМС""","ООО ""СТРОЙМОНТАЖ""",30.11.2026,73,61-80,Ноябрь 2026,V,,V,,,,,,,,V,,V,17.03.2026
558,https://dashboard-stroi.mos.ru/dashboard/974,HI7074-13-0001-001,012-3232,"Дороги и инженерные коммуникации для кв-ла 1, 2 п. Бутово (2 пусковой комплекс)",работы приостановлены,ДСТИИ,"ГКУ ""УДМС""",Н/Д,30.06.2028,50,41-60,Июнь 2028,V,,V,,,,,,V,,V,,V,26.03.2026
559,https://dashboard-stroi.mos.ru/dashboard/1219,TT0000-15-0087-005,017-0617,"Строительство временных парковок личного транспорта, временных ОРП и участков улично-дорожной сети у станций метро «Филатов луг», «Прокшино» и «Столбово». Подъездная дорога к электродепо «Саларьево». Этап V: «Строительство конечных станций в районе станций метро «Филатов луг», «Прокшино», «Столбово», «Ольховая»",работы приостановлены,ДСТИИ,"ГКУ ""УДМС""","АО ""ДИМ""",28.02.2026,74,61-80,Февраль 2026,V,,V,,,,,,,,V,,V,26.03.2026
560,https://dashboard-stroi.mos.ru/dashboard/1271,IH3304-16-0001-001,Н/Д,"Арбатско-Покровская линия ст. ""Щелковская"" – ст. ""Гольяново""",в строительстве,МИП,"ГУП ""МОСКОВСКИЙ МЕТРОПОЛИТЕН""","АО ""Мосметрострой""",30.09.2028,11,6-20,Сентябрь 2028,,,,,V,,,,V,,,,,
561,https://dashboard-stroi.mos.ru/dashboard/1449,TT0000-99-1096-001,019-0459,Пешеходный переход через МЦД-2 в районе ул. Ереванская. Завершение строительства (дострой),в строительстве,ДСТИИ,"ГКУ ""УДМС""","АО ""МСУ-1""",30.11.2026,64,61-80,Ноябрь 2026,V,,V,,,,,,,,V,,V,31.03.2026
562,https://dashboard-stroi.mos.ru/dashboard/1520,HG7186-15-0001-001,014-2215,"Строительство искусственного сооружения через железнодорожные пути, соединяющего пр-д № 2236 с ул. Хачатуряна",работы приостановлены,ДСТИИ,"ГКУ ""УДМС""",Н/Д,отсутствует,99,81-100,отсутствует,V,,,,,,,,,,V,,V,
563,https://dashboard-stroi.mos.ru/dashboard/1521,HG3675-13-0001-001,013-0362,"Реконструкция мостового перехода на Ленинградском ш. через канал имени Москвы. 2 пусковой комплекс, очистные сооружения дождевой канализации",в строительстве,ДСТИИ,"ГКУ ""УДМС""","ГУП ""МОСВОДОСТОК""",31.08.2027,50,41-60,Август 2027,V,,V,,,,,,V,,V,,V,31.03.2026
564,https://dashboard-stroi.mos.ru/dashboard/1539,HI4733-15-0002-001,015-0684,Транспортная развязка на пересечении МКАД с ул. Профсоюзной,в строительстве,ДСТИИ,"ГКУ ""УДМС""","ООО ""ИФСК АРКС""",отсутствует,62,61-80,Март 2026,V,,V,,,,,,V,,V,,V,31.03.2026
565,https://dashboard-stroi.mos.ru/dashboard/1688,TT0000-15-0471-002,025-0491,Строительство мостового сооружения через р. Москва в створе Берегового пр-да с реконструкцией прилегающей улично-дорожной сети от ул. Новозаводская до 3-я Магистральная ул. 2 этап,в строительстве,ДСТИИ,"ГКУ ""УДМС""","АО ""ДИМ""",отсутствует,6,6-20,Сентябрь 2027,V,,,,,,,,V,,V,,V,31.03.2026
566,https://dashboard-stroi.mos.ru/dashboard/1706,HI1324-15-0001-001,026-0115,"Строительство автомобильной дороги от автомобильной дороги ""Солнцево-Бутово-Видное"" до ул. Родниковая, Торговая (вынос воздушных линий 110 кВ (Чоботы-Передельцы I, II цепь)",работы приостановлены,ДСТИИ,"ГКУ ""УДМС""","ООО ""ЭТСС""",отсутствует,70,61-80,отсутствует,V,,V,,,,,,,,V,,V,
567,https://dashboard-stroi.mos.ru/dashboard/1775,TT0000-99-7791-001,021-0709,"Электродепо ""Бирюлевское""",в строительстве,МИП,"ГУП ""МОСКОВСКИЙ МЕТРОПОЛИТЕН""",АО «ГК ЕКС»,30.12.2027,4,0-5,Декабрь 2027,,,,,V,,,,,,,,,
568,https://dashboard-stroi.mos.ru/dashboard/1838,IH4782-10-0001-001,025-0378,"«Жилой дом с инженерными сетями и благоустройством территории (со сносом нежилого здания по адресу: Ферганский проезд, дом 5)» по адресу: Российская Федерация, город Москва, вн.тер.г. муниципальный округ Выхино-Жулебино, Ферганский проезд, земельный участок 5 (Ферганский проезд, вл. 5) (Юго-Восточный административный округ)",в строительстве,ДГП,"ФОНД ""РЕНОВАЦИИ""","ООО ""ГК СУ-555""",отсутствует,1,0-5,отсутствует,V,,,,,,,,,,V,,V,09.04.2026
569,https://dashboard-stroi.mos.ru/dashboard/1967,HI9747-16-0001-001,Н/Д,Бирюлевская линия «Каспийская»,в строительстве,МИП,"ГУП ""МОСКОВСКИЙ МЕТРОПОЛИТЕН""","АО ""Мосметрострой""",30.12.2028,1,0-5,отсутствует,,,,,V,,,,,,,,,
570,https://dashboard-stroi.mos.ru/dashboard/1971,YT1702-12-0033-001,018-0365,"Троицкая линия ст. «Кедровая» – ст. «Троицк» (ст. «Ватутинки», ст. «Троицк»)",в строительстве,МИП,"ГУП ""МОСКОВСКИЙ МЕТРОПОЛИТЕН""","АО ""ОБЪЕДИНЕНИЕ ИНГЕОКОМ""",отсутствует,1,0-5,Декабрь 2029,,,,,V,,,,,,,,,
571,,,,Станция Бирюлево (Бирюлевская линия),,МИП,"ГУП ""МОСКОВСКИЙ МЕТРОПОЛИТЕН""",,,,,#REF!,,,,,V,,,,,,,,,#N/A
572,,,,Станция Кавказский бульвар (Бирюлевская линия),,МИП,"ГУП ""МОСКОВСКИЙ МЕТРОПОЛИТЕН""",,,,,#REF!,,,,,V,,,,,,,,,#N/A
574,,,,Станция Лебедянская (Бирюлевская линия),,МИП,"ГУП ""МОСКОВСКИЙ МЕТРОПОЛИТЕН""",,,,,#REF!,,,,,V,,,,,,,,,#N/A
575,,,,Станция Липецкая (Бирюлевская линия),,МИП,"ГУП ""МОСКОВСКИЙ МЕТРОПОЛИТЕН""",,,,,#REF!,,,,,V,,,,,,,,,#N/A
576,,,,Станция Москворечье (Бирюлевская линия),,МИП,"ГУП ""МОСКОВСКИЙ МЕТРОПОЛИТЕН""",,,,,#REF!,,,,,V,,,,,,,,,#N/A
583,,,,Электродепо Троицкое,,МИП,"ГУП ""МОСКОВСКИЙ МЕТРОПОЛИТЕН""",,,,,#REF!,,,,,V,,,,,,,,,#N/A
584,,,,Станция Южный порт,,МИП,"ГУП ""МОСКОВСКИЙ МЕТРОПОЛИТЕН""",,,,,#REF!,,,,,V,,,,,,,,,#N/A
585,,,,"Северо-Восточный участок Большой кольцевой линии, станция метро «Савеловская» - станция метро «Авиамоторная». Реконструкция тяговой подстанции Т-1",,МИП,"ГУП ""МОСКОВСКИЙ МЕТРОПОЛИТЕН""",,,,,#REF!,,,,,V,,,,,,,,,#N/A
586,https://dashboard-stroi.mos.ru/dashboard/1536,XX0000-00-0001-003,Н/Д,"Выполнение комплекса монтажных и пусконаладочных работ на объекте «Проектирование и строительство многофункционального комплекса зданий Национального космического центра» по адресу: г. Москва, Филевский бульвар (ул. Новозаводская) (АДЦ 2).",,МИП,"ГУП ""МОСКОВСКИЙ МЕТРОПОЛИТЕН""",,,,,#REF!,,,,,,,V,,,,,,,
,,,,,,,,,,,,,,,,,,,,,,,,,,#N/A
,,,,,,,,,,,,,,,,,,,,,,,,,,#N/A
,,,,,,,,,,,,,,,,,,,,,,,,,,#N/A
,,,,,,,,,,,,,,,,,,,,,,,,,,#N/A
,,,,,,,,,,,,,,,,,,,,,,,,,,#N/A
,,,,,,,,,,,,,,,,,,,,,,,,,,#N/A
,,,,,,,,,,,,,,,,,,,,,,,,,,#N/A
,,,,,,,,,,,,,,,,,,,,,,,,,,#N/A
,,,,,,,,,,,,,,,,,,,,,,,,,,#N/A
,,,,,,,,,,,,,,,,,,,,,,,,,,#N/A
,,,,,,,,,,,,,,,,,,,,,,,,,,#N/A
,,,,,,,,,,,,,,,,,,,,,,,,,,#N/A
,,,,,,,,,,,,,,,,,,,,,,,,,,#N/A
,,,,,,,,,,,,,,,,,,,,,,,,,,#N/A
,,,,,,,,,,,,,,,,,,,,,,,,,,#N/A
,,,,,,,,,,,,,,,,,,,,,,,,,,#N/A
,,,,,,,,,,,,,,,,,,,,,,,,,,#N/A
,,,,,,,,,,,,,,,,,,,,,,,,,,#N/A
,,,,,,,,,,,,,,,,,,,,,,,,,,#N/A
,,,,,,,,,,,,,,,,,,,,,,,,,,#N/A